declared_source,peak_ratio@250,precision@250,f1@250,reached_ratio@250,best_y@250,n_declared@250,peak_ratio@500,precision@500,f1@500,reached_ratio@500,best_y@500,n_declared@500,peak_ratio@1000,precision@1000,f1@1000,reached_ratio@1000,best_y@1000,n_declared@1000,peak_ratio@2000,precision@2000,f1@2000,reached_ratio@2000,best_y@2000,n_declared@2000,peak_ratio,precision,f1,dist_to_needles,n_declared,n_true_optima,n_matched,match_radius,posthoc_peak_ratio,posthoc_precision,posthoc_f1,posthoc_dist_to_needles,posthoc_n_declared,reached_ratio_final,n_reached,t_first_optimum,t_half_optima,best_y,input_cost,dup_fraction,n_samples,n_truncated,n_batches,realized_noise_std,wall_s,s_per_decision,objective,optimizer,seed,dim,error,posthoc_peak_ratio_at_n_declared
posthoc,0.5714285714285714,0.5714285714285714,0.5714285714285714,0.35714285714285715,0.7267059646738929,14,0.5,0.5,0.5,0.7142857142857143,0.7267059646738929,14,0.5714285714285714,0.5714285714285714,0.5714285714285714,0.9285714285714286,0.7336163091732382,14,0.42857142857142855,0.42857142857142855,0.42857142857142855,1.0,0.757882907674936,14,0.42857142857142855,0.42857142857142855,0.42857142857142855,0.08785512931960542,14,14,6,0.05,0.42857142857142855,0.42857142857142855,0.42857142857142855,0.08785512931960542,14,1.0,14,7.0,89.0,0.757882907674936,1005.0882854457096,1.0,2000,16,84,0.12538768820878787,1.1865098476409912,0.014125117233821325,real3d,random,0,3,,
posthoc,0.35714285714285715,0.35714285714285715,0.35714285714285715,0.5714285714285714,0.7667350901487432,14,0.5,0.5,0.5,0.8571428571428571,0.7667350901487432,14,0.42857142857142855,0.42857142857142855,0.42857142857142855,0.9285714285714286,0.7667350901487432,14,0.42857142857142855,0.42857142857142855,0.42857142857142855,1.0,0.7667350901487432,14,0.42857142857142855,0.42857142857142855,0.42857142857142855,0.10917534139508446,14,14,6,0.05,0.42857142857142855,0.42857142857142855,0.42857142857142855,0.10917534139508446,14,1.0,14,5.0,150.0,0.7667350901487432,1010.7479918382785,1.0,2000,16,84,0.1263691844664732,1.3647077083587646,0.01624652033760434,real3d,random,1,3,,
posthoc,0.2857142857142857,0.2857142857142857,0.2857142857142857,0.42857142857142855,0.7261834334136048,14,0.35714285714285715,0.35714285714285715,0.35714285714285715,0.7857142857142857,0.7541000347420942,14,0.35714285714285715,0.35714285714285715,0.35714285714285715,0.8571428571428571,0.7541000347420942,14,0.42857142857142855,0.42857142857142855,0.42857142857142855,0.9285714285714286,0.7541000347420942,14,0.42857142857142855,0.42857142857142855,0.42857142857142855,0.07827569200123448,14,14,6,0.05,0.42857142857142855,0.42857142857142855,0.42857142857142855,0.07827569200123448,14,0.9285714285714286,13,4.0,252.0,0.7541000347420942,973.9041367836905,1.0,2000,16,84,0.12645019644383035,1.3891232013702393,0.016537180968693325,real3d,random,2,3,,
posthoc,0.5,0.5,0.5,0.7142857142857143,0.7458296534749007,14,0.6428571428571429,0.6428571428571429,0.6428571428571429,1.0,0.7677706678137188,14,0.6428571428571429,0.6428571428571429,0.6428571428571429,1.0,0.7677706678137188,14,0.5714285714285714,0.5714285714285714,0.5714285714285714,1.0,0.7677706678137188,14,0.5714285714285714,0.5714285714285714,0.5714285714285714,0.0693598029893023,14,14,8,0.05,0.5714285714285714,0.5714285714285714,0.5714285714285714,0.0693598029893023,14,1.0,14,11.0,55.0,0.7677706678137188,980.0854949402906,1.0,2000,16,84,0.12626693408856546,1.3333251476287842,0.015872918424152192,real3d,random,3,3,,
posthoc,0.35714285714285715,0.35714285714285715,0.35714285714285715,0.7142857142857143,0.7380624902296384,14,0.5714285714285714,0.5714285714285714,0.5714285714285714,1.0,0.7380624902296384,14,0.6428571428571429,0.6428571428571429,0.6428571428571429,1.0,0.7382833842447977,14,0.6428571428571429,0.6428571428571429,0.6428571428571429,1.0,0.7455550109035554,14,0.6428571428571429,0.6428571428571429,0.6428571428571429,0.08271545682667034,14,14,9,0.05,0.6428571428571429,0.6428571428571429,0.6428571428571429,0.08271545682667034,14,1.0,14,16.0,160.0,0.7455550109035554,988.6636663930041,1.0,2000,16,84,0.12492119745141418,1.0699145793914795,0.012737078326089042,real3d,random,4,3,,
posthoc,0.42857142857142855,0.42857142857142855,0.42857142857142855,0.6428571428571429,0.7387292382536333,14,0.5,0.5,0.5,0.8571428571428571,0.7410628287810562,14,0.7142857142857143,0.7142857142857143,0.7142857142857143,1.0,0.7410628287810562,14,0.5714285714285714,0.5714285714285714,0.5714285714285714,1.0,0.7603911485654244,14,0.5714285714285714,0.5714285714285714,0.5714285714285714,0.08587090617729679,14,14,8,0.05,0.5714285714285714,0.5714285714285714,0.5714285714285714,0.08587090617729679,14,1.0,14,11.0,165.0,0.7603911485654244,1008.0015874001082,1.0,2000,16,84,0.12713930727058,1.062570333480835,0.012649646827152796,real3d,random,5,3,,
posthoc,0.5714285714285714,0.5714285714285714,0.5714285714285714,0.6428571428571429,0.7642338520634564,14,0.5714285714285714,0.5714285714285714,0.5714285714285714,1.0,0.7642338520634564,14,0.6428571428571429,0.6428571428571429,0.6428571428571429,1.0,0.7642338520634564,14,0.7142857142857143,0.7142857142857143,0.7142857142857143,1.0,0.7642338520634564,14,0.7142857142857143,0.7142857142857143,0.7142857142857143,0.0517003604321592,14,14,10,0.05,0.7142857142857143,0.7142857142857143,0.7142857142857143,0.0517003604321592,14,1.0,14,1.0,109.0,0.7642338520634564,1011.8086706904744,1.0,2000,16,84,0.12942980936584952,1.2114224433898926,0.014421695754641578,real3d,random,6,3,,
posthoc,0.6428571428571429,0.6428571428571429,0.6428571428571429,0.6428571428571429,0.749940896173084,14,0.6428571428571429,0.6428571428571429,0.6428571428571429,0.8571428571428571,0.7682447366354805,14,0.5714285714285714,0.5714285714285714,0.5714285714285714,0.9285714285714286,0.7682447366354805,14,0.7142857142857143,0.7142857142857143,0.7142857142857143,1.0,0.7682447366354805,14,0.7142857142857143,0.7142857142857143,0.7142857142857143,0.08216143128598151,14,14,10,0.05,0.7142857142857143,0.7142857142857143,0.7142857142857143,0.08216143128598151,14,1.0,14,5.0,127.0,0.7682447366354805,1004.1706891586975,1.0,2000,16,84,0.12801006056626246,1.2679190635681152,0.015094274566287086,real3d,random,7,3,,
posthoc,0.35714285714285715,0.35714285714285715,0.35714285714285715,0.6428571428571429,0.723216719236848,14,0.5,0.5,0.5,0.9285714285714286,0.7665463097754617,14,0.6428571428571429,0.6428571428571429,0.6428571428571429,0.9285714285714286,0.7665463097754617,14,0.5714285714285714,0.5714285714285714,0.5714285714285714,1.0,0.7665463097754617,14,0.5714285714285714,0.5714285714285714,0.5714285714285714,0.08684415764593402,14,14,8,0.05,0.5714285714285714,0.5714285714285714,0.5714285714285714,0.08684415764593402,14,1.0,14,13.0,159.0,0.7665463097754617,1020.6666289016293,1.0,2000,16,84,0.12530401980028757,1.3583402633666992,0.016170717421032134,real3d,random,8,3,,
posthoc,0.42857142857142855,0.42857142857142855,0.42857142857142855,0.6428571428571429,0.7548681639166298,14,0.42857142857142855,0.42857142857142855,0.42857142857142855,0.7142857142857143,0.7548681639166298,14,0.6428571428571429,0.6428571428571429,0.6428571428571429,0.8571428571428571,0.7592229126214486,14,0.5,0.5,0.5,1.0,0.7592229126214486,14,0.5,0.5,0.5,0.09088125705458595,14,14,7,0.05,0.5,0.5,0.5,0.09088125705458595,14,1.0,14,12.0,111.0,0.7592229126214486,998.8567414782283,1.0,2000,16,84,0.12604462916467546,1.193673849105835,0.014210402965545654,real3d,random,9,3,,
posthoc,0.35714285714285715,0.35714285714285715,0.35714285714285715,0.5,0.7401226841317282,14,0.5714285714285714,0.5714285714285714,0.5714285714285714,0.7142857142857143,0.7513564500294331,14,0.5714285714285714,0.5714285714285714,0.5714285714285714,0.9285714285714286,0.7513564500294331,14,0.6428571428571429,0.6428571428571429,0.6428571428571429,0.9285714285714286,0.7588161464213372,14,0.6428571428571429,0.6428571428571429,0.6428571428571429,0.18249986617702652,14,14,9,0.05,0.6428571428571429,0.6428571428571429,0.6428571428571429,0.18249986617702652,14,0.9285714285714286,13,5.0,88.0,0.7588161464213372,1415.9140166726252,0.9995,2000,16,84,0.11071890350527674,2598.996313095093,30.940432298751105,real3d,gp_qucb,1,3,,
posthoc,0.42857142857142855,0.42857142857142855,0.42857142857142855,0.42857142857142855,0.7377199693822101,14,0.42857142857142855,0.42857142857142855,0.42857142857142855,0.6428571428571429,0.7418379741674762,14,0.42857142857142855,0.42857142857142855,0.42857142857142855,0.7142857142857143,0.7418379741674762,14,0.35714285714285715,0.35714285714285715,0.35714285714285715,0.9285714285714286,0.7418379741674762,14,0.35714285714285715,0.35714285714285715,0.35714285714285715,0.12719295999376912,14,14,5,0.05,0.35714285714285715,0.35714285714285715,0.35714285714285715,0.12719295999376912,14,0.9285714285714286,13,4.0,190.0,0.7418379741674762,1477.1087230818734,1.0,2000,16,84,0.11032122241878954,2599.813718557358,30.95016331615902,real3d,gp_qucb,2,3,,
posthoc,0.5,0.5,0.5,0.7857142857142857,0.7449965490244138,14,0.5,0.5,0.5,0.8571428571428571,0.746922834405337,14,0.6428571428571429,0.6428571428571429,0.6428571428571429,0.8571428571428571,0.746922834405337,14,0.6428571428571429,0.6428571428571429,0.6428571428571429,0.9285714285714286,0.7590075515489307,14,0.6428571428571429,0.6428571428571429,0.6428571428571429,0.10956778295533601,14,14,9,0.05,0.6428571428571429,0.6428571428571429,0.6428571428571429,0.10956778295533601,14,0.9285714285714286,13,6.0,52.0,0.7590075515489307,1493.645365853053,1.0,2000,16,84,0.1105499987837773,2592.8194041252136,30.866897668157304,real3d,gp_qucb,3,3,,
posthoc,0.6428571428571429,0.6428571428571429,0.6428571428571429,0.5714285714285714,0.743554553085161,14,0.7142857142857143,0.7142857142857143,0.7142857142857143,0.5714285714285714,0.743554553085161,14,0.6428571428571429,0.6428571428571429,0.6428571428571429,0.7142857142857143,0.743554553085161,14,0.5,0.5,0.5,0.8571428571428571,0.7664514900597179,14,0.5,0.5,0.5,0.12973146197157906,14,14,7,0.05,0.5,0.5,0.5,0.12973146197157906,14,0.8571428571428571,12,7.0,57.0,0.7664514900597179,1486.6590692345071,1.0,2000,16,84,0.1095698553379364,2645.6702148914337,31.49607398680278,real3d,gp_qucb,0,3,,
posthoc,0.42857142857142855,0.42857142857142855,0.42857142857142855,0.5714285714285714,0.7665592104703904,14,0.42857142857142855,0.42857142857142855,0.42857142857142855,0.6428571428571429,0.7665592104703904,14,0.35714285714285715,0.35714285714285715,0.35714285714285715,0.7142857142857143,0.7665592104703904,14,0.42857142857142855,0.42857142857142855,0.42857142857142855,0.9285714285714286,0.7665592104703904,14,0.42857142857142855,0.42857142857142855,0.42857142857142855,0.10504972528114587,14,14,6,0.05,0.42857142857142855,0.42857142857142855,0.42857142857142855,0.10504972528114587,14,0.9285714285714286,13,16.0,151.0,0.7665592104703904,1458.6839689319645,1.0,2000,16,84,0.10813773808711141,2608.578677892685,31.054508070151012,real3d,gp_qucb,4,3,,
posthoc,0.35714285714285715,0.35714285714285715,0.35714285714285715,0.5,0.7362496937841033,14,0.2857142857142857,0.2857142857142857,0.2857142857142857,0.6428571428571429,0.7394524122870203,14,0.2857142857142857,0.2857142857142857,0.2857142857142857,0.7857142857142857,0.7539774445813283,14,0.42857142857142855,0.42857142857142855,0.42857142857142855,0.9285714285714286,0.7539774445813283,14,0.42857142857142855,0.42857142857142855,0.42857142857142855,0.147450576228703,14,14,6,0.05,0.42857142857142855,0.42857142857142855,0.42857142857142855,0.147450576228703,14,0.9285714285714286,13,11.0,134.0,0.7539774445813283,1505.2012675991273,1.0,2000,16,84,0.11284236404636777,2114.5680561065674,25.173429239363898,real3d,gp_qucb,5,3,,
posthoc,0.42857142857142855,0.42857142857142855,0.42857142857142855,0.6428571428571429,0.7156161513596058,14,0.7142857142857143,0.7142857142857143,0.7142857142857143,0.7857142857142857,0.7261530329556778,14,0.6428571428571429,0.6428571428571429,0.6428571428571429,0.8571428571428571,0.7389862267675321,14,0.7142857142857143,0.7142857142857143,0.7142857142857143,1.0,0.7522303981790165,14,0.7142857142857143,0.7142857142857143,0.7142857142857143,0.10153191776309457,14,14,10,0.05,0.7142857142857143,0.7142857142857143,0.7142857142857143,0.10153191776309457,14,1.0,14,5.0,84.0,0.7522303981790165,1467.8342511251158,1.0,2000,16,84,0.11307311096861904,2144.156656265259,25.525674479348318,real3d,gp_qucb,7,3,,
posthoc,0.7142857142857143,0.7142857142857143,0.7142857142857143,0.6428571428571429,0.7295867525053726,14,0.42857142857142855,0.42857142857142855,0.42857142857142855,0.7142857142857143,0.7384882401170967,14,0.6428571428571429,0.6428571428571429,0.6428571428571429,0.7857142857142857,0.7384882401170967,14,0.5714285714285714,0.5714285714285714,0.5714285714285714,1.0,0.7384882401170967,14,0.5714285714285714,0.5714285714285714,0.5714285714285714,0.12161572681813888,14,14,8,0.05,0.5714285714285714,0.5714285714285714,0.5714285714285714,0.12161572681813888,14,1.0,14,1.0,73.0,0.7384882401170967,1471.9687687229384,1.0,2000,16,84,0.11276172949612183,2144.711219072342,25.53227641752788,real3d,gp_qucb,6,3,,
posthoc,0.2857142857142857,0.2857142857142857,0.2857142857142857,0.42857142857142855,0.7401227164188755,14,0.35714285714285715,0.35714285714285715,0.35714285714285715,0.7142857142857143,0.7405910321062095,14,0.5,0.5,0.5,0.7857142857142857,0.7619445280007714,14,0.5714285714285714,0.5714285714285714,0.5714285714285714,0.8571428571428571,0.7619445280007714,14,0.5714285714285714,0.5714285714285714,0.5714285714285714,0.1312360830405702,14,14,8,0.05,0.5714285714285714,0.5714285714285714,0.5714285714285714,0.1312360830405702,14,0.8571428571428571,12,12.0,213.0,0.7619445280007714,1515.8263758420921,1.0,2000,16,84,0.11184550680865334,2120.054186820984,25.238740319297428,real3d,gp_qucb,9,3,,
posthoc,0.35714285714285715,0.35714285714285715,0.35714285714285715,0.42857142857142855,0.736216287219692,14,0.42857142857142855,0.42857142857142855,0.42857142857142855,0.5714285714285714,0.7507642882050637,14,0.5,0.5,0.5,0.7142857142857143,0.7507642882050637,14,0.5714285714285714,0.5714285714285714,0.5714285714285714,0.8571428571428571,0.764891331873119,14,0.5714285714285714,0.5714285714285714,0.5714285714285714,0.10555350116263043,14,14,8,0.05,0.5714285714285714,0.5714285714285714,0.5714285714285714,0.10555350116263043,14,0.7857142857142857,12,13.0,448.0,0.764891331873119,1438.6559702984766,1.0,2000,16,84,0.11034606263993518,2166.5904936790466,25.792743972369603,real3d,gp_qucb,8,3,,
posthoc,0.7857142857142857,0.7857142857142857,0.7857142857142857,0.7857142857142857,0.7479123309549928,14,0.7142857142857143,0.7142857142857143,0.7142857142857143,0.9285714285714286,0.7479123309549928,14,0.7142857142857143,0.7142857142857143,0.7142857142857143,0.8571428571428571,0.7479123309549928,14,0.5714285714285714,0.5714285714285714,0.5714285714285714,0.9285714285714286,0.7575556354743362,14,0.5714285714285714,0.5714285714285714,0.5714285714285714,0.10931421076663435,14,14,8,0.05,0.5714285714285714,0.5714285714285714,0.5714285714285714,0.10931421076663435,14,0.9285714285714286,13,7.0,73.0,0.7575556354743362,1127.6941922219933,1.0,2000,16,84,0.11170422037050999,1978.6901721954346,23.555835383278982,real3d,gp_qlogei,0,3,,
posthoc,0.5,0.5,0.5,0.7857142857142857,0.7448673939987207,14,0.5,0.5,0.5,0.7857142857142857,0.7488511731203109,14,0.5,0.5,0.5,0.7142857142857143,0.7488511731203109,14,0.6428571428571429,0.6428571428571429,0.6428571428571429,0.9285714285714286,0.7640971932066039,14,0.6428571428571429,0.6428571428571429,0.6428571428571429,0.11262680938356288,14,14,9,0.05,0.6428571428571429,0.6428571428571429,0.6428571428571429,0.11262680938356288,14,0.9285714285714286,13,11.0,123.0,0.7640971932066039,922.271745592345,1.0,2000,16,84,0.11209283697327112,1936.937471628189,23.058779424145108,real3d,gp_qlogei,3,3,,
posthoc,0.5714285714285714,0.5714285714285714,0.5714285714285714,0.35714285714285715,0.7356022640147141,14,0.5714285714285714,0.5714285714285714,0.5714285714285714,0.6428571428571429,0.7426899522417609,14,0.5,0.5,0.5,0.7142857142857143,0.7628112923634108,14,0.6428571428571429,0.6428571428571429,0.6428571428571429,0.8571428571428571,0.7628112923634108,14,0.6428571428571429,0.6428571428571429,0.6428571428571429,0.0664393376336845,14,14,9,0.05,0.6428571428571429,0.6428571428571429,0.6428571428571429,0.0664393376336845,14,0.8571428571428571,12,5.0,73.0,0.7628112923634108,1165.524474187562,1.0,2000,16,84,0.11224045657626369,1982.6225447654724,23.6026493424461,real3d,gp_qlogei,1,3,,
posthoc,0.5,0.5,0.5,0.42857142857142855,0.7475216636630104,14,0.6428571428571429,0.6428571428571429,0.6428571428571429,0.6428571428571429,0.7550048366585332,14,0.6428571428571429,0.6428571428571429,0.6428571428571429,0.9285714285714286,0.7550048366585332,14,0.6428571428571429,0.6428571428571429,0.6428571428571429,0.9285714285714286,0.7651007382628479,14,0.6428571428571429,0.6428571428571429,0.6428571428571429,0.12514721051259242,14,14,9,0.05,0.6428571428571429,0.6428571428571429,0.6428571428571429,0.12514721051259242,14,0.9285714285714286,13,4.0,129.0,0.7651007382628479,1146.2114036313346,1.0,2000,16,84,0.11599358950417862,1997.2171490192413,23.776394631181443,real3d,gp_qlogei,2,3,,
posthoc,0.5,0.5,0.5,0.42857142857142855,0.7367606342143871,14,0.5,0.5,0.5,0.5714285714285714,0.7367606342143871,14,0.42857142857142855,0.42857142857142855,0.42857142857142855,0.6428571428571429,0.7367606342143871,14,0.42857142857142855,0.42857142857142855,0.42857142857142855,0.7857142857142857,0.7416891026771554,14,0.42857142857142855,0.42857142857142855,0.42857142857142855,0.11167019422863719,14,14,6,0.05,0.42857142857142855,0.42857142857142855,0.42857142857142855,0.11167019422863719,14,0.7857142857142857,11,16.0,388.0,0.7416891026771554,1133.1930592774052,1.0,2000,16,84,0.11043388289949452,1976.4339356422424,23.52897542431241,real3d,gp_qlogei,4,3,,
posthoc,0.2857142857142857,0.2857142857142857,0.2857142857142857,0.6428571428571429,0.7607937662099415,14,0.2857142857142857,0.2857142857142857,0.2857142857142857,0.7142857142857143,0.7607937662099415,14,0.35714285714285715,0.35714285714285715,0.35714285714285715,0.7142857142857143,0.7607937662099415,14,0.42857142857142855,0.42857142857142855,0.42857142857142855,0.9285714285714286,0.7635795975314333,14,0.42857142857142855,0.42857142857142855,0.42857142857142855,0.1488213877432205,14,14,6,0.05,0.42857142857142855,0.42857142857142855,0.42857142857142855,0.1488213877432205,14,0.9285714285714286,13,11.0,134.0,0.7635795975314333,942.5823507255095,1.0,2000,16,84,0.1144196206478411,1946.1483461856842,23.168432692686718,real3d,gp_qlogei,5,3,,
posthoc,0.35714285714285715,0.35714285714285715,0.35714285714285715,0.35714285714285715,0.7260940435134438,14,0.42857142857142855,0.42857142857142855,0.42857142857142855,0.5714285714285714,0.7416331317616582,14,0.35714285714285715,0.35714285714285715,0.35714285714285715,0.7857142857142857,0.7416331317616582,14,0.42857142857142855,0.42857142857142855,0.42857142857142855,0.9285714285714286,0.7495530046803682,14,0.42857142857142855,0.42857142857142855,0.42857142857142855,0.1237330098945006,14,14,6,0.05,0.42857142857142855,0.42857142857142855,0.42857142857142855,0.1237330098945006,14,0.9285714285714286,13,5.0,84.0,0.7495530046803682,1114.106916648173,1.0,2000,16,84,0.11438274230218756,1915.4124116897583,22.802528710592362,real3d,gp_qlogei,7,3,,
posthoc,0.21428571428571427,0.21428571428571427,0.21428571428571427,0.42857142857142855,0.7313808343925158,14,0.2857142857142857,0.2857142857142857,0.2857142857142857,0.6428571428571429,0.7659303112011785,14,0.42857142857142855,0.42857142857142855,0.42857142857142855,0.7857142857142857,0.7659303112011785,14,0.42857142857142855,0.42857142857142855,0.42857142857142855,0.7857142857142857,0.7659303112011785,14,0.42857142857142855,0.42857142857142855,0.42857142857142855,0.15916666485189973,14,14,6,0.05,0.42857142857142855,0.42857142857142855,0.42857142857142855,0.15916666485189973,14,0.7857142857142857,11,13.0,318.0,0.7659303112011785,1083.9368579458578,1.0,2000,16,84,0.11214404856576787,1896.3379690647125,22.57545201267515,real3d,gp_qlogei,8,3,,
posthoc,0.42857142857142855,0.42857142857142855,0.42857142857142855,0.5,0.7361861807675334,14,0.42857142857142855,0.42857142857142855,0.42857142857142855,0.6428571428571429,0.7501758001820629,14,0.6428571428571429,0.6428571428571429,0.6428571428571429,0.7857142857142857,0.7501758001820629,14,0.6428571428571429,0.6428571428571429,0.6428571428571429,0.9285714285714286,0.7501758001820629,14,0.6428571428571429,0.6428571428571429,0.6428571428571429,0.11543875469040106,14,14,9,0.05,0.6428571428571429,0.6428571428571429,0.6428571428571429,0.11543875469040106,14,0.9285714285714286,13,1.0,107.0,0.7501758001820629,1160.2291109935554,1.0,2000,16,84,0.11450618220741852,2006.0889728069305,23.882011581034888,real3d,gp_qlogei,6,3,,
posthoc,0.5,0.5,0.5,0.5714285714285714,0.7514111000163675,14,0.5714285714285714,0.5714285714285714,0.5714285714285714,0.7142857142857143,0.7654335620896208,14,0.5714285714285714,0.5714285714285714,0.5714285714285714,0.8571428571428571,0.7654335620896208,14,0.6428571428571429,0.6428571428571429,0.6428571428571429,0.8571428571428571,0.7655768946902046,14,0.6428571428571429,0.6428571428571429,0.6428571428571429,0.11823815505289832,14,14,9,0.05,0.6428571428571429,0.6428571428571429,0.6428571428571429,0.11823815505289832,14,0.8571428571428571,12,12.0,102.0,0.7655768946902046,1090.367229053586,0.9995,2000,16,84,0.11305279764430211,1966.0497617721558,23.40535430681138,real3d,gp_qlogei,9,3,,
posthoc,0.5714285714285714,0.5714285714285714,0.5714285714285714,0.42857142857142855,0.7472221218313309,14,0.5714285714285714,0.5714285714285714,0.5714285714285714,0.42857142857142855,0.7523537013804653,14,0.42857142857142855,0.42857142857142855,0.42857142857142855,0.5,0.7523537013804653,14,0.35714285714285715,0.35714285714285715,0.35714285714285715,0.5,0.7681500256460316,14,0.35714285714285715,0.35714285714285715,0.35714285714285715,0.15415447914956273,14,14,5,0.05,0.35714285714285715,0.35714285714285715,0.35714285714285715,0.15415447914956273,14,0.5,7,26.0,760.0,0.7681500256460316,309.89229521739014,0.9985,2000,16,84,0.11315580661108866,203.38004231452942,2.421190979934874,real3d,gp_ts,0,3,,
posthoc,0.42857142857142855,0.42857142857142855,0.42857142857142855,0.42857142857142855,0.7541592279028578,14,0.42857142857142855,0.42857142857142855,0.42857142857142855,0.5714285714285714,0.7541592279028578,14,0.5,0.5,0.5,0.5714285714285714,0.7663436262603358,14,0.5,0.5,0.5,0.5714285714285714,0.7663436262603358,14,0.5,0.5,0.5,0.15949771297809986,14,14,7,0.05,0.5,0.5,0.5,0.15949771297809986,14,0.5714285714285714,8,12.0,438.0,0.7663436262603358,388.03349423870884,0.999,2000,16,84,0.1119367850314274,205.6289484500885,2.447963672024863,real3d,gp_ts,2,3,,
posthoc,0.5,0.5,0.5,0.35714285714285715,0.7379733775630875,14,0.5714285714285714,0.5714285714285714,0.5714285714285714,0.42857142857142855,0.7472351622973844,14,0.5,0.5,0.5,0.6428571428571429,0.7670087588758068,14,0.6428571428571429,0.6428571428571429,0.6428571428571429,0.8571428571428571,0.7670087588758068,14,0.6428571428571429,0.6428571428571429,0.6428571428571429,0.13793302044292705,14,14,9,0.05,0.6428571428571429,0.6428571428571429,0.6428571428571429,0.13793302044292705,14,0.8571428571428571,12,19.0,597.0,0.7670087588758068,390.414373446178,0.996,2000,16,84,0.11434825823166349,216.35396122932434,2.5756423955871943,real3d,gp_ts,1,3,,
posthoc,0.42857142857142855,0.42857142857142855,0.42857142857142855,0.5714285714285714,0.7626628325941094,14,0.42857142857142855,0.42857142857142855,0.42857142857142855,0.5714285714285714,0.7626628325941094,14,0.6428571428571429,0.6428571428571429,0.6428571428571429,0.5714285714285714,0.7626628325941094,14,0.6428571428571429,0.6428571428571429,0.6428571428571429,0.6428571428571429,0.7684419865445596,14,0.6428571428571429,0.6428571428571429,0.6428571428571429,0.15534603624212043,14,14,9,0.05,0.6428571428571429,0.6428571428571429,0.6428571428571429,0.15534603624212043,14,0.6428571428571429,9,23.0,533.0,0.7684419865445596,316.9315139452402,0.9945,2000,16,84,0.1173923478380692,207.70286178588867,2.4726531164986745,real3d,gp_ts,3,3,,
posthoc,0.35714285714285715,0.35714285714285715,0.35714285714285715,0.5714285714285714,0.7498537300193282,14,0.2857142857142857,0.2857142857142857,0.2857142857142857,0.6428571428571429,0.7677129295815017,14,0.5,0.5,0.5,0.6428571428571429,0.7677129295815017,14,0.42857142857142855,0.42857142857142855,0.42857142857142855,0.7142857142857143,0.7681517177839934,14,0.42857142857142855,0.42857142857142855,0.42857142857142855,0.1426459355472114,14,14,6,0.05,0.42857142857142855,0.42857142857142855,0.42857142857142855,0.1426459355472114,14,0.7142857142857143,10,16.0,263.0,0.7681517177839934,392.49981633209893,0.997,2000,16,84,0.11410553047445311,214.92082858085632,2.558581292629242,real3d,gp_ts,4,3,,
posthoc,0.35714285714285715,0.35714285714285715,0.35714285714285715,0.5,0.7399419960394737,14,0.21428571428571427,0.21428571428571427,0.21428571428571427,0.6428571428571429,0.765075550906675,14,0.35714285714285715,0.35714285714285715,0.35714285714285715,0.6428571428571429,0.7680386820331133,14,0.5,0.5,0.5,0.7857142857142857,0.7681014722034492,14,0.5,0.5,0.5,0.16125426272355653,14,14,7,0.05,0.5,0.5,0.5,0.16125426272355653,14,0.7857142857142857,11,11.0,375.0,0.7681014722034492,336.1655441435362,0.9965,2000,16,84,0.11795165470085739,207.73326063156128,2.473015007518587,real3d,gp_ts,5,3,,
posthoc,0.42857142857142855,0.42857142857142855,0.42857142857142855,0.42857142857142855,0.7622860348149982,14,0.5,0.5,0.5,0.42857142857142855,0.7681721488807819,14,0.42857142857142855,0.42857142857142855,0.42857142857142855,0.6428571428571429,0.7681721488807819,14,0.5,0.5,0.5,0.6428571428571429,0.7681721488807819,14,0.5,0.5,0.5,0.12566436629098962,14,14,7,0.05,0.5,0.5,0.5,0.12566436629098962,14,0.6428571428571429,9,12.0,630.0,0.7681721488807819,383.0314536543467,0.9995,2000,16,84,0.1199474359223123,212.92653608322144,2.5348397152764455,real3d,gp_ts,6,3,,
posthoc,0.14285714285714285,0.14285714285714285,0.14285714285714285,0.5,0.7487855691700206,14,0.2857142857142857,0.2857142857142857,0.2857142857142857,0.5714285714285714,0.7487855691700206,14,0.42857142857142855,0.42857142857142855,0.42857142857142855,0.5714285714285714,0.7600817341101944,14,0.6428571428571429,0.6428571428571429,0.6428571428571429,0.6428571428571429,0.7660851111978227,14,0.6428571428571429,0.6428571428571429,0.6428571428571429,0.13530602643309944,14,14,9,0.05,0.6428571428571429,0.6428571428571429,0.6428571428571429,0.13530602643309944,14,0.6428571428571429,9,5.0,238.0,0.7660851111978227,354.7749655892883,0.996,2000,16,84,0.11697469342587993,221.53480339050293,2.6373190879821777,real3d,gp_ts,7,3,,
posthoc,0.35714285714285715,0.35714285714285715,0.35714285714285715,0.5,0.7632555389432341,14,0.2857142857142857,0.2857142857142857,0.2857142857142857,0.5,0.7632555389432341,14,0.35714285714285715,0.35714285714285715,0.35714285714285715,0.42857142857142855,0.7632555389432341,14,0.42857142857142855,0.42857142857142855,0.42857142857142855,0.5714285714285714,0.767906394368149,14,0.42857142857142855,0.42857142857142855,0.42857142857142855,0.17129022403129143,14,14,6,0.05,0.42857142857142855,0.42857142857142855,0.42857142857142855,0.17129022403129143,14,0.5714285714285714,8,57.0,1609.0,0.767906394368149,412.2300766352483,0.998,2000,16,84,0.11263387173067278,221.31389117240906,2.6346891806239174,real3d,gp_ts,8,3,,
posthoc,0.5,0.5,0.5,0.5,0.7666104335493611,14,0.6428571428571429,0.6428571428571429,0.6428571428571429,0.5714285714285714,0.7666104335493611,14,0.5714285714285714,0.5714285714285714,0.5714285714285714,0.5714285714285714,0.7666104335493611,14,0.5,0.5,0.5,0.5714285714285714,0.7666104335493611,14,0.5,0.5,0.5,0.15663631443199583,14,14,7,0.05,0.5,0.5,0.5,0.15663631443199583,14,0.5714285714285714,8,23.0,296.0,0.7666104335493611,306.12116719830726,0.9975,2000,16,84,0.11848860835969627,196.43875288963318,2.3385565820194425,real3d,gp_ts,9,3,,
method,0.07142857142857142,1.0,0.13333333333333333,0.5714285714285714,0.7271611123227744,1,0.14285714285714285,0.5,0.22222222222222224,0.7857142857142857,0.7420054712893907,4,0.21428571428571427,0.6,0.3157894736842105,0.9285714285714286,0.7420054712893907,5,0.21428571428571427,0.375,0.2727272727272727,1.0,0.7507929664081644,8,0.21428571428571427,0.375,0.2727272727272727,0.261471555230651,8,14,3,0.05,0.2857142857142857,0.2857142857142857,0.2857142857142857,0.10513295796132906,14,1.0,14,4.0,75.0,0.7507929664081644,115.08743989984177,1.0,2000,16,84,0.1416746615251691,389.3475971221924,4.635090441930862,real3d,zombihop,2,3,,0.14285714285714285
method,0.0,0.0,0.0,0.5714285714285714,0.7204174562814488,1,0.0,0.0,0.0,0.7857142857142857,0.7423845328403804,1,0.07142857142857142,0.5,0.125,0.9285714285714286,0.7500983974604826,2,0.14285714285714285,0.6666666666666666,0.23529411764705882,1.0,0.7500983974604826,3,0.14285714285714285,0.6666666666666666,0.23529411764705882,0.40192763394001246,3,14,2,0.05,0.6428571428571429,0.6428571428571429,0.6428571428571429,0.04896298753577548,14,1.0,14,11.0,204.0,0.7500983974604826,118.09299967092201,0.999,2000,16,84,0.1385580300847934,435.2461144924164,5.181501363004957,real3d,zombihop,3,3,,0.21428571428571427
method,0.07142857142857142,1.0,0.13333333333333333,0.6428571428571429,0.7295615951341891,1,0.14285714285714285,0.6666666666666666,0.23529411764705882,0.7857142857142857,0.7295615951341891,3,0.14285714285714285,0.6666666666666666,0.23529411764705882,0.8571428571428571,0.7508850248787169,3,0.35714285714285715,0.8333333333333334,0.5,0.9285714285714286,0.7508850248787169,6,0.35714285714285715,0.8333333333333334,0.5,0.30168126810919216,6,14,5,0.05,0.5714285714285714,0.5714285714285714,0.5714285714285714,0.06901114822268473,14,0.9285714285714286,13,16.0,138.0,0.7508850248787169,113.5442496640108,1.0,2000,16,84,0.13755205783975266,434.92270612716675,5.177651263418651,real3d,zombihop,4,3,,0.42857142857142855
method,0.07142857142857142,1.0,0.13333333333333333,0.5,0.7180352906118735,1,0.14285714285714285,0.5,0.22222222222222224,0.7857142857142857,0.7302310464631051,4,0.21428571428571427,0.42857142857142855,0.2857142857142857,0.8571428571428571,0.7302310464631051,7,0.2857142857142857,0.4,0.3333333333333333,0.8571428571428571,0.7302310464631051,10,0.2857142857142857,0.4,0.3333333333333333,0.18821747189514065,10,14,4,0.05,0.5,0.5,0.5,0.13219013478307098,14,0.8571428571428571,12,5.0,110.0,0.7302310464631051,117.04131913234446,0.9995,2000,16,84,0.13478143076082158,696.8586490154266,8.295936297802697,real3d,zombihop,1,3,,0.42857142857142855
method,0.07142857142857142,1.0,0.13333333333333333,0.5714285714285714,0.726216332247428,1,0.21428571428571427,0.75,0.3333333333333333,0.7857142857142857,0.7488901809798479,4,0.42857142857142855,0.75,0.5454545454545454,1.0,0.7488901809798479,8,0.5714285714285714,0.5714285714285714,0.5714285714285714,1.0,0.7488901809798479,14,0.5714285714285714,0.5714285714285714,0.5714285714285714,0.08549508229109319,14,14,8,0.05,0.6428571428571429,0.6428571428571429,0.6428571428571429,0.08721287358159105,14,1.0,14,7.0,158.0,0.7488901809798479,102.09492712319087,1.0,2000,16,84,0.13395977692510913,816.5146687030792,9.720412722655706,real3d,zombihop,0,3,,0.6428571428571429
method,0.0,0.0,0.0,0.5714285714285714,0.7362926592545049,1,0.07142857142857142,0.3333333333333333,0.11764705882352941,0.7857142857142857,0.7431815453900097,3,0.07142857142857142,0.3333333333333333,0.11764705882352941,0.8571428571428571,0.7431815453900097,3,0.2857142857142857,0.5714285714285714,0.38095238095238093,0.8571428571428571,0.7431815453900097,7,0.2857142857142857,0.5714285714285714,0.38095238095238093,0.27923568367949153,7,14,4,0.05,0.6428571428571429,0.6428571428571429,0.6428571428571429,0.0924513639096115,14,0.8571428571428571,12,11.0,132.0,0.7431815453900097,109.29689468497207,0.9995,2000,16,84,0.13321150968679632,434.0002775192261,5.166669970466977,real3d,zombihop,5,3,,0.5
method,0.07142857142857142,1.0,0.13333333333333333,0.5,0.7595040115806672,1,0.21428571428571427,0.75,0.3333333333333333,0.8571428571428571,0.7595040115806672,4,0.21428571428571427,0.75,0.3333333333333333,0.8571428571428571,0.7595040115806672,4,0.21428571428571427,0.75,0.3333333333333333,1.0,0.7595040115806672,4,0.21428571428571427,0.75,0.3333333333333333,0.3709444198248773,4,14,3,0.05,0.6428571428571429,0.6428571428571429,0.6428571428571429,0.0811818689128266,14,1.0,14,5.0,139.0,0.7595040115806672,114.46738344695666,1.0,2000,16,84,0.13548570483456251,410.2528557777405,4.883962568782625,real3d,zombihop,7,3,,0.2857142857142857
method,0.07142857142857142,1.0,0.13333333333333333,0.7142857142857143,0.7483540130568358,1,0.07142857142857142,1.0,0.13333333333333333,0.8571428571428571,0.7488073128177354,1,0.14285714285714285,1.0,0.25,1.0,0.7488073128177354,2,0.14285714285714285,1.0,0.25,1.0,0.7488073128177354,2,0.14285714285714285,1.0,0.25,0.4334235846229612,2,14,2,0.05,0.6428571428571429,0.6428571428571429,0.6428571428571429,0.06382428007661979,14,1.0,14,1.0,69.0,0.7488073128177354,107.09796127871236,0.999,2000,16,84,0.13469941017070708,480.27201771736145,5.717524020444779,real3d,zombihop,6,3,,0.14285714285714285
method,0.07142857142857142,1.0,0.13333333333333333,0.5,0.7213055783218755,1,0.14285714285714285,1.0,0.25,0.7857142857142857,0.7213055783218755,2,0.14285714285714285,1.0,0.25,0.9285714285714286,0.75703244365705,2,0.2857142857142857,0.8,0.4210526315789473,1.0,0.75703244365705,5,0.2857142857142857,0.8,0.4210526315789473,0.3407893796023855,5,14,4,0.05,0.6428571428571429,0.6428571428571429,0.6428571428571429,0.10371666363773575,14,1.0,14,13.0,203.0,0.75703244365705,112.61916260428393,1.0,2000,16,84,0.13506299301168942,493.41158866882324,5.873947484152658,real3d,zombihop,8,3,,0.2857142857142857
method,0.07142857142857142,1.0,0.13333333333333333,0.5714285714285714,0.7270828276569898,1,0.21428571428571427,0.75,0.3333333333333333,0.7142857142857143,0.7270828276569898,4,0.21428571428571427,0.75,0.3333333333333333,0.7857142857142857,0.7276696405817781,4,0.21428571428571427,0.75,0.3333333333333333,0.9285714285714286,0.7283498591001949,4,0.21428571428571427,0.75,0.3333333333333333,0.369114922965803,4,14,3,0.05,0.7142857142857143,0.7142857142857143,0.7142857142857143,0.07948734483017837,14,0.9285714285714286,13,12.0,119.0,0.7283498591001949,107.05187138995414,0.9995,2000,16,84,0.13470088982214673,497.2744574546814,5.919934017317636,real3d,zombihop,9,3,,0.2857142857142857
method,0.0,0.0,0.0,0.6428571428571429,0.726216332247428,0,0.0,0.0,0.0,0.7142857142857143,0.726216332247428,1,0.14285714285714285,0.6666666666666666,0.23529411764705882,0.9285714285714286,0.7322159514277633,3,0.21428571428571427,0.42857142857142855,0.2857142857142857,0.9285714285714286,0.732935940955216,7,0.21428571428571427,0.42857142857142855,0.2857142857142857,0.2901430173114336,7,14,3,0.05,0.42857142857142855,0.42857142857142855,0.42857142857142855,0.1065667583122619,14,0.9285714285714286,13,7.0,112.0,0.732935940955216,102.78774964067702,1.0,2000,16,84,0.13234225129853094,456.4576096534729,5.434019162541344,real3d,zombihop_nc5,0,3,,0.21428571428571427
method,0.0,0.0,0.0,0.5714285714285714,0.7635102090568464,0,0.07142857142857142,1.0,0.13333333333333333,0.6428571428571429,0.7635102090568464,1,0.14285714285714285,1.0,0.25,0.8571428571428571,0.7635102090568464,2,0.14285714285714285,1.0,0.25,0.9285714285714286,0.7635102090568464,2,0.14285714285714285,1.0,0.25,0.43170950470808744,2,14,2,0.05,0.42857142857142855,0.42857142857142855,0.42857142857142855,0.0885624881232937,14,0.9285714285714286,13,5.0,195.0,0.7635102090568464,109.47516106192352,1.0,2000,16,84,0.13393664882299414,342.14344596862793,4.0731362615312845,real3d,zombihop_nc5,1,3,,0.14285714285714285
method,0.0,0.0,0.0,0.5,0.7318120964366933,0,0.07142857142857142,1.0,0.13333333333333333,0.7857142857142857,0.736983811447194,1,0.14285714285714285,1.0,0.25,0.8571428571428571,0.736983811447194,2,0.14285714285714285,1.0,0.25,1.0,0.736983811447194,2,0.14285714285714285,1.0,0.25,0.4301033290670482,2,14,2,0.05,0.7142857142857143,0.7142857142857143,0.7142857142857143,0.08765416038324172,14,1.0,14,16.0,213.0,0.736983811447194,118.51424236323128,1.0,2000,16,84,0.13780905522480139,304.47724866867065,3.6247291508175077,real3d,zombihop_nc5,4,3,,0.14285714285714285
method,0.0,0.0,0.0,0.7857142857142857,0.7611212746031304,0,0.07142857142857142,1.0,0.13333333333333333,0.8571428571428571,0.7611212746031304,1,0.14285714285714285,1.0,0.25,0.9285714285714286,0.7611212746031304,2,0.14285714285714285,1.0,0.25,0.9285714285714286,0.7611212746031304,2,0.14285714285714285,1.0,0.25,0.431513936610293,2,14,2,0.05,0.6428571428571429,0.6428571428571429,0.6428571428571429,0.08300389933415649,14,0.9285714285714286,13,11.0,96.0,0.7611212746031304,104.34593601689886,1.0,2000,16,84,0.13406767126702093,482.1878068447113,5.740331033865611,real3d,zombihop_nc5,3,3,,0.14285714285714285
method,0.0,0.0,0.0,0.5714285714285714,0.755816880859272,0,0.07142857142857142,1.0,0.13333333333333333,0.8571428571428571,0.7575057920221568,1,0.07142857142857142,1.0,0.13333333333333333,0.9285714285714286,0.7575057920221568,1,0.14285714285714285,1.0,0.25,1.0,0.7575057920221568,2,0.14285714285714285,1.0,0.25,0.43260772309148726,2,14,2,0.05,0.7142857142857143,0.7142857142857143,0.7142857142857143,0.06177230499558373,14,1.0,14,11.0,141.0,0.7575057920221568,112.13557848977446,1.0,2000,16,84,0.13541426382734473,413.9205446243286,4.927625531242008,real3d,zombihop_nc5,5,3,,0.07142857142857142
method,0.0,0.0,0.0,0.6428571428571429,0.7261834334136048,0,0.07142857142857142,1.0,0.13333333333333333,0.7857142857142857,0.7272331517419837,1,0.21428571428571427,1.0,0.35294117647058826,0.8571428571428571,0.7511109492799019,3,0.42857142857142855,0.75,0.5454545454545454,0.9285714285714286,0.76659118485412,8,0.42857142857142855,0.75,0.5454545454545454,0.23956173812716436,8,14,6,0.05,0.7857142857142857,0.7857142857142857,0.7857142857142857,0.05385068132642268,14,0.9285714285714286,13,4.0,75.0,0.76659118485412,106.9222280454606,1.0,2000,16,84,0.14064614705692993,733.6515908241272,8.733947509811038,real3d,zombihop_nc5,2,3,,0.5
method,0.0,0.0,0.0,0.7142857142857143,0.7483540130568358,0,0.0,0.0,0.0,0.7857142857142857,0.7483540130568358,1,0.07142857142857142,0.3333333333333333,0.11764705882352941,0.8571428571428571,0.7483540130568358,3,0.14285714285714285,0.5,0.22222222222222224,1.0,0.7673589994413772,4,0.14285714285714285,0.5,0.22222222222222224,0.3817620310123356,4,14,2,0.05,0.5714285714285714,0.5714285714285714,0.5714285714285714,0.0569637447007339,14,1.0,14,1.0,83.0,0.7673589994413772,109.91771037646697,1.0,2000,16,84,0.1359681145104462,416.64943051338196,4.960112268016452,real3d,zombihop_nc5,6,3,,0.14285714285714285
posthoc,0.1111111111111111,0.1111111111111111,0.1111111111111111,0.037037037037037035,0.8769035059122329,27,0.1111111111111111,0.1111111111111111,0.1111111111111111,0.1111111111111111,0.8769035059122329,27,0.2222222222222222,0.2222222222222222,0.2222222222222222,0.25925925925925924,0.8791431211088936,27,0.18518518518518517,0.18518518518518517,0.18518518518518517,0.5555555555555556,0.8791431211088936,27,0.18518518518518517,0.18518518518518517,0.18518518518518517,0.1299121428179658,27,27,5,0.05,0.18518518518518517,0.18518518518518517,0.18518518518518517,0.1299121428179658,27,0.5185185185185185,15,185.0,1828.0,0.8791431211088936,984.435445809901,0.984,2000,16,84,0.1248372052527153,0.9107677936553955,0.010842473733992804,real4d,random,0,4,,
posthoc,0.14814814814814814,0.14814814814814814,0.14814814814814814,0.14814814814814814,0.8698321952810734,27,0.25925925925925924,0.25925925925925924,0.25925925925925924,0.2222222222222222,0.8781755715806177,27,0.2222222222222222,0.2222222222222222,0.2222222222222222,0.2962962962962963,0.8781755715806177,27,0.4074074074074074,0.4074074074074074,0.4074074074074074,0.5925925925925926,0.8781755715806177,27,0.4074074074074074,0.4074074074074074,0.4074074074074074,0.10417853690092603,27,27,11,0.05,0.4074074074074074,0.4074074074074074,0.4074074074074074,0.10417853690092603,27,0.5925925925925926,16,124.0,1100.0,0.8781755715806177,973.0408576953449,0.986,2000,16,84,0.12652808147208094,1.0021822452545166,0.011930741014934722,real4d,random,1,4,,
posthoc,0.2222222222222222,0.2222222222222222,0.2222222222222222,0.14814814814814814,0.8843558120481642,27,0.2222222222222222,0.2222222222222222,0.2222222222222222,0.3333333333333333,0.8843558120481642,27,0.2962962962962963,0.2962962962962963,0.2962962962962963,0.48148148148148145,0.8843558120481642,27,0.4074074074074074,0.4074074074074074,0.4074074074074074,0.5925925925925926,0.8843558120481642,27,0.4074074074074074,0.4074074074074074,0.4074074074074074,0.11534421322930752,27,27,11,0.05,0.4074074074074074,0.4074074074074074,0.4074074074074074,0.11534421322930752,27,0.5925925925925926,16,11.0,894.0,0.8843558120481642,987.7392932448594,0.986,2000,16,84,0.13144952106689517,0.8994717597961426,0.010707997140430268,real4d,random,2,4,,
posthoc,0.14814814814814814,0.14814814814814814,0.14814814814814814,0.1111111111111111,0.8611918512615506,27,0.18518518518518517,0.18518518518518517,0.18518518518518517,0.18518518518518517,0.8627650723974524,27,0.2962962962962963,0.2962962962962963,0.2962962962962963,0.25925925925925924,0.8637940241669122,27,0.2962962962962963,0.2962962962962963,0.2962962962962963,0.5555555555555556,0.8637940241669122,27,0.2962962962962963,0.2962962962962963,0.2962962962962963,0.12865528916904131,27,27,8,0.05,0.2962962962962963,0.2962962962962963,0.2962962962962963,0.12865528916904131,27,0.5555555555555556,15,15.0,1709.0,0.8637940241669122,988.308851942903,0.987,2000,16,84,0.12563742099280426,0.9630289077758789,0.011464629854474748,real4d,random,3,4,,
posthoc,0.07407407407407407,0.07407407407407407,0.07407407407407407,0.14814814814814814,0.8636035011007687,27,0.07407407407407407,0.07407407407407407,0.07407407407407407,0.18518518518518517,0.8636035011007687,27,0.25925925925925924,0.25925925925925924,0.25925925925925924,0.37037037037037035,0.8768462681511138,27,0.2962962962962963,0.2962962962962963,0.2962962962962963,0.5185185185185185,0.8818460561107226,27,0.2962962962962963,0.2962962962962963,0.2962962962962963,0.11768779429520539,27,27,8,0.05,0.2962962962962963,0.2962962962962963,0.2962962962962963,0.11768779429520539,27,0.5185185185185185,14,61.0,1691.0,0.8818460561107226,975.2345900089203,0.9885,2000,16,84,0.12552417398829865,1.115494966506958,0.013279701982225691,real4d,random,4,4,,
posthoc,0.037037037037037035,0.037037037037037035,0.037037037037037035,0.07407407407407407,0.8777929886088924,27,0.2222222222222222,0.2222222222222222,0.2222222222222222,0.2222222222222222,0.8777929886088924,27,0.2962962962962963,0.2962962962962963,0.2962962962962963,0.2962962962962963,0.8809547511058823,27,0.2962962962962963,0.2962962962962963,0.2962962962962963,0.5185185185185185,0.8809547511058823,27,0.2962962962962963,0.2962962962962963,0.2962962962962963,0.13057007540622334,27,27,8,0.05,0.2962962962962963,0.2962962962962963,0.2962962962962963,0.13057007540622334,27,0.5185185185185185,14,9.0,1812.0,0.8809547511058823,993.8521285319467,0.986,2000,16,84,0.1268863283448574,0.9019119739532471,0.010737047308967226,real4d,random,5,4,,
posthoc,0.1111111111111111,0.1111111111111111,0.1111111111111111,0.18518518518518517,0.8520290535762843,27,0.2222222222222222,0.2222222222222222,0.2222222222222222,0.3333333333333333,0.8550893043541623,27,0.18518518518518517,0.18518518518518517,0.18518518518518517,0.48148148148148145,0.8748019780545243,27,0.2222222222222222,0.2222222222222222,0.2222222222222222,0.5925925925925926,0.875243561716779,27,0.2222222222222222,0.2222222222222222,0.2222222222222222,0.12781294636506482,27,27,6,0.05,0.2222222222222222,0.2222222222222222,0.2222222222222222,0.12781294636506482,27,0.5925925925925926,16,2.0,715.0,0.875243561716779,982.4102199703611,0.986,2000,16,84,0.1276329877038426,0.9544191360473633,0.01136213257199242,real4d,random,6,4,,
posthoc,0.07407407407407407,0.07407407407407407,0.07407407407407407,0.07407407407407407,0.8666828397510346,27,0.18518518518518517,0.18518518518518517,0.18518518518518517,0.2222222222222222,0.8674857840359553,27,0.2962962962962963,0.2962962962962963,0.2962962962962963,0.4444444444444444,0.8882540319962359,27,0.3333333333333333,0.3333333333333333,0.3333333333333333,0.6666666666666666,0.8882540319962359,27,0.3333333333333333,0.3333333333333333,0.3333333333333333,0.1340480398594421,27,27,9,0.05,0.3333333333333333,0.3333333333333333,0.3333333333333333,0.1340480398594421,27,0.6666666666666666,18,53.0,1015.0,0.8882540319962359,1008.7600989678153,0.988,2000,16,84,0.12544922321872673,0.9286139011383057,0.011054927394503639,real4d,random,7,4,,
posthoc,0.07407407407407407,0.07407407407407407,0.07407407407407407,0.037037037037037035,0.8678847161944503,27,0.18518518518518517,0.18518518518518517,0.18518518518518517,0.2222222222222222,0.8727734118619802,27,0.2222222222222222,0.2222222222222222,0.2222222222222222,0.37037037037037035,0.8833439296690895,27,0.4074074074074074,0.4074074074074074,0.4074074074074074,0.6296296296296297,0.8833439296690895,27,0.4074074074074074,0.4074074074074074,0.4074074074074074,0.1266718521175685,27,27,11,0.05,0.4074074074074074,0.4074074074074074,0.4074074074074074,0.1266718521175685,27,0.6296296296296297,17,55.0,1327.0,0.8833439296690895,995.146502674849,0.9865,2000,16,84,0.12763575756380952,0.9403674602508545,0.011194850717272078,real4d,random,8,4,,
posthoc,0.14814814814814814,0.14814814814814814,0.14814814814814814,0.1111111111111111,0.8666404631933362,27,0.2962962962962963,0.2962962962962963,0.2962962962962963,0.25925925925925924,0.8703013761947892,27,0.2222222222222222,0.2222222222222222,0.2222222222222222,0.37037037037037035,0.8703013761947892,27,0.25925925925925924,0.25925925925925924,0.25925925925925924,0.5925925925925926,0.8703013761947892,27,0.25925925925925924,0.25925925925925924,0.25925925925925924,0.1241955581991912,27,27,7,0.05,0.25925925925925924,0.25925925925925924,0.25925925925925924,0.1241955581991912,27,0.5555555555555556,16,87.0,1719.0,0.8703013761947892,991.1926799072679,0.983,2000,16,84,0.12876782891599997,0.9665884971618652,0.011507005918593634,real4d,random,9,4,,
method,0.0,0.0,0.0,0.7142857142857143,0.7350227433569351,0,0.07142857142857142,1.0,0.13333333333333333,0.7857142857142857,0.7350227433569351,1,0.14285714285714285,1.0,0.25,0.9285714285714286,0.7350227433569351,2,0.14285714285714285,0.6666666666666666,0.23529411764705882,1.0,0.7615419221681167,3,0.14285714285714285,0.6666666666666666,0.23529411764705882,0.40510260536795933,3,14,2,0.05,0.5714285714285714,0.5714285714285714,0.5714285714285714,0.09749403154167317,14,1.0,14,13.0,117.0,0.7615419221681167,110.264618464996,1.0,2000,16,84,0.13752327585348553,345.1369562149048,4.108773288272676,real3d,zombihop_nc5,8,3,,0.21428571428571427
method,0.0,0.0,0.0,0.35714285714285715,0.7656107087456616,0,0.07142857142857142,1.0,0.13333333333333333,0.6428571428571429,0.7656107087456616,1,0.14285714285714285,1.0,0.25,0.8571428571428571,0.7656107087456616,2,0.14285714285714285,1.0,0.25,0.9285714285714286,0.7656107087456616,2,0.14285714285714285,1.0,0.25,0.4299630169496299,2,14,2,0.05,0.5714285714285714,0.5714285714285714,0.5714285714285714,0.09106853467693529,14,0.9285714285714286,13,5.0,255.0,0.7656107087456616,102.45374018690114,0.9985,2000,16,84,0.13202579145536186,593.7059557437897,7.067928044568925,real3d,zombihop_nc5,7,3,,0.07142857142857142
method,0.0,0.0,0.0,0.35714285714285715,0.7270828276569898,0,0.07142857142857142,1.0,0.13333333333333333,0.6428571428571429,0.740359312835366,1,0.14285714285714285,1.0,0.25,0.8571428571428571,0.740359312835366,2,0.14285714285714285,1.0,0.25,0.9285714285714286,0.740359312835366,2,0.14285714285714285,1.0,0.25,0.4319036623306762,2,14,2,0.05,0.7142857142857143,0.7142857142857143,0.7142857142857143,0.07241088314747517,14,0.9285714285714286,13,12.0,264.0,0.740359312835366,103.56893117242896,1.0,2000,16,84,0.13332864579947507,565.9131605625153,6.737061435268039,real3d,zombihop_nc5,9,3,,0.14285714285714285
posthoc,0.037037037037037035,0.037037037037037035,0.037037037037037035,0.037037037037037035,0.8769035059122329,27,0.037037037037037035,0.037037037037037035,0.037037037037037035,0.037037037037037035,0.8769035059122329,27,0.07407407407407407,0.07407407407407407,0.07407407407407407,0.18518518518518517,0.8769035059122329,27,0.2222222222222222,0.2222222222222222,0.2222222222222222,0.3333333333333333,0.8769035059122329,27,0.2222222222222222,0.2222222222222222,0.2222222222222222,0.1326081077988434,27,27,6,0.05,0.2222222222222222,0.2222222222222222,0.2222222222222222,0.1326081077988434,27,0.3333333333333333,9,142.0,inf,0.8769035059122329,1332.6255031300116,0.974,2000,16,84,0.11655583047112952,1784.0790266990662,21.23903603213174,real4d,gp_qucb,0,4,,
posthoc,0.07407407407407407,0.07407407407407407,0.07407407407407407,0.0,0.8567682411804612,27,0.14814814814814814,0.14814814814814814,0.14814814814814814,0.07407407407407407,0.8567682411804612,27,0.18518518518518517,0.18518518518518517,0.18518518518518517,0.18518518518518517,0.8692276259030153,27,0.2962962962962963,0.2962962962962963,0.2962962962962963,0.2962962962962963,0.8695786907550999,27,0.2962962962962963,0.2962962962962963,0.2962962962962963,0.13072228570385278,27,27,8,0.05,0.2962962962962963,0.2962962962962963,0.2962962962962963,0.13072228570385278,27,0.2962962962962963,8,382.0,inf,0.8695786907550999,1293.3762310911343,0.967,2000,16,84,0.11998896313680163,1851.6207473278046,22.043104134854815,real4d,gp_qucb,1,4,,
posthoc,0.07407407407407407,0.07407407407407407,0.07407407407407407,0.07407407407407407,0.8351799088389178,27,0.2222222222222222,0.2222222222222222,0.2222222222222222,0.14814814814814814,0.8351799088389178,27,0.2962962962962963,0.2962962962962963,0.2962962962962963,0.25925925925925924,0.8580524377137623,27,0.3333333333333333,0.3333333333333333,0.3333333333333333,0.4074074074074074,0.8667942724124825,27,0.3333333333333333,0.3333333333333333,0.3333333333333333,0.14387347778950688,27,27,9,0.05,0.3333333333333333,0.3333333333333333,0.3333333333333333,0.14387347778950688,27,0.4074074074074074,11,11.0,inf,0.8667942724124825,1315.8059033620098,0.9645,2000,16,84,0.12379935180005433,1798.7175533771515,21.41330420687085,real4d,gp_qucb,2,4,,
posthoc,0.1111111111111111,0.1111111111111111,0.1111111111111111,0.07407407407407407,0.8611918512615506,27,0.14814814814814814,0.14814814814814814,0.14814814814814814,0.1111111111111111,0.8611918512615506,27,0.25925925925925924,0.25925925925925924,0.25925925925925924,0.2962962962962963,0.8611918512615506,27,0.2222222222222222,0.2222222222222222,0.2222222222222222,0.4074074074074074,0.8611918512615506,27,0.2222222222222222,0.2222222222222222,0.2222222222222222,0.13482617176719336,27,27,6,0.05,0.2222222222222222,0.2222222222222222,0.2222222222222222,0.13482617176719336,27,0.4074074074074074,11,15.0,inf,0.8611918512615506,1360.4852202920351,0.968,2000,16,84,0.11856224969674785,1767.3810255527496,21.0402503041994,real4d,gp_qucb,3,4,,
posthoc,0.037037037037037035,0.037037037037037035,0.037037037037037035,0.037037037037037035,0.8636035011007687,27,0.037037037037037035,0.037037037037037035,0.037037037037037035,0.07407407407407407,0.8636035011007687,27,0.07407407407407407,0.07407407407407407,0.07407407407407407,0.1111111111111111,0.8636035011007687,27,0.1111111111111111,0.1111111111111111,0.1111111111111111,0.2962962962962963,0.8636035011007687,27,0.1111111111111111,0.1111111111111111,0.1111111111111111,0.15600395234153497,27,27,3,0.05,0.1111111111111111,0.1111111111111111,0.1111111111111111,0.15600395234153497,27,0.2962962962962963,8,93.0,inf,0.8636035011007687,1355.5049359989607,0.9675,2000,16,84,0.11791359798129866,1800.704440832138,21.436957628954026,real4d,gp_qucb,4,4,,
posthoc,0.1111111111111111,0.1111111111111111,0.1111111111111111,0.07407407407407407,0.876328542516019,27,0.1111111111111111,0.1111111111111111,0.1111111111111111,0.1111111111111111,0.876328542516019,27,0.2222222222222222,0.2222222222222222,0.2222222222222222,0.18518518518518517,0.876328542516019,27,0.25925925925925924,0.25925925925925924,0.25925925925925924,0.25925925925925924,0.876328542516019,27,0.25925925925925924,0.25925925925925924,0.25925925925925924,0.18124146657501067,27,27,7,0.05,0.25925925925925924,0.25925925925925924,0.25925925925925924,0.18124146657501067,27,0.25925925925925924,7,9.0,inf,0.876328542516019,1323.6967718201895,0.9705,2000,16,84,0.12057822564041312,1855.3181014060974,22.087120254834492,real4d,gp_qucb,5,4,,
posthoc,0.07407407407407407,0.07407407407407407,0.07407407407407407,0.07407407407407407,0.8520290535762843,27,0.1111111111111111,0.1111111111111111,0.1111111111111111,0.14814814814814814,0.8520290535762843,27,0.25925925925925924,0.25925925925925924,0.25925925925925924,0.2962962962962963,0.8750790463840243,27,0.3333333333333333,0.3333333333333333,0.3333333333333333,0.4074074074074074,0.8750790463840243,27,0.3333333333333333,0.3333333333333333,0.3333333333333333,0.14378569279598136,27,27,9,0.05,0.3333333333333333,0.3333333333333333,0.3333333333333333,0.14378569279598136,27,0.4074074074074074,11,2.0,inf,0.8750790463840243,1358.77641386646,0.967,2000,16,84,0.12116044406329371,1843.025241613388,21.94077668587367,real4d,gp_qucb,6,4,,
posthoc,0.0,0.0,0.0,0.0,0.8409317799224321,27,0.037037037037037035,0.037037037037037035,0.037037037037037035,0.0,0.847168199357005,27,0.2222222222222222,0.2222222222222222,0.2222222222222222,0.14814814814814814,0.8805131106924708,27,0.2222222222222222,0.2222222222222222,0.2222222222222222,0.37037037037037035,0.8805131106924708,27,0.2222222222222222,0.2222222222222222,0.2222222222222222,0.14553075567128657,27,27,6,0.05,0.2222222222222222,0.2222222222222222,0.2222222222222222,0.14553075567128657,27,0.37037037037037035,10,571.0,inf,0.8805131106924708,1339.1918170997435,0.962,2000,16,84,0.11936706857995037,1807.7298784255981,21.52059379078093,real4d,gp_qucb,7,4,,
posthoc,0.07407407407407407,0.07407407407407407,0.07407407407407407,0.1111111111111111,0.8498150230008495,27,0.1111111111111111,0.1111111111111111,0.1111111111111111,0.18518518518518517,0.853752796061561,27,0.18518518518518517,0.18518518518518517,0.18518518518518517,0.25925925925925924,0.853752796061561,27,0.18518518518518517,0.18518518518518517,0.18518518518518517,0.2962962962962963,0.8603303377056548,27,0.18518518518518517,0.18518518518518517,0.18518518518518517,0.1437188945594107,27,27,5,0.05,0.18518518518518517,0.18518518518518517,0.18518518518518517,0.1437188945594107,27,0.2962962962962963,8,37.0,inf,0.8603303377056548,1371.6712082829017,0.9665,2000,16,84,0.12047823369773082,1825.0454926490784,21.726732055346172,real4d,gp_qucb,8,4,,
posthoc,0.0,0.0,0.0,0.037037037037037035,0.8457960131014106,27,0.07407407407407407,0.07407407407407407,0.07407407407407407,0.07407407407407407,0.8457960131014106,27,0.1111111111111111,0.1111111111111111,0.1111111111111111,0.2222222222222222,0.8560217799834761,27,0.2222222222222222,0.2222222222222222,0.2222222222222222,0.3333333333333333,0.8560217799834761,27,0.2222222222222222,0.2222222222222222,0.2222222222222222,0.1440144233356155,27,27,6,0.05,0.2222222222222222,0.2222222222222222,0.2222222222222222,0.1440144233356155,27,0.3333333333333333,9,221.0,inf,0.8560217799834761,1344.3919913882455,0.9615,2000,16,84,0.12205715183832279,1859.6886084079742,22.13915010009493,real4d,gp_qucb,9,4,,
posthoc,0.07407407407407407,0.07407407407407407,0.07407407407407407,0.07407407407407407,0.8769035059122329,27,0.1111111111111111,0.1111111111111111,0.1111111111111111,0.2222222222222222,0.8769035059122329,27,0.14814814814814814,0.14814814814814814,0.14814814814814814,0.25925925925925924,0.8769035059122329,27,0.3333333333333333,0.3333333333333333,0.3333333333333333,0.48148148148148145,0.8769035059122329,27,0.3333333333333333,0.3333333333333333,0.3333333333333333,0.15306687488322368,27,27,9,0.05,0.3333333333333333,0.3333333333333333,0.3333333333333333,0.15306687488322368,27,0.48148148148148145,13,75.0,1637.0,0.8769035059122329,1076.7261321084477,0.962,2000,16,84,0.11902042187506233,2797.0913887023926,33.298707008361816,real4d,gp_qlogei,0,4,,
posthoc,0.037037037037037035,0.037037037037037035,0.037037037037037035,0.0,0.8567682411804612,27,0.037037037037037035,0.037037037037037035,0.037037037037037035,0.07407407407407407,0.8567682411804612,27,0.037037037037037035,0.037037037037037035,0.037037037037037035,0.1111111111111111,0.8567682411804612,27,0.1111111111111111,0.1111111111111111,0.1111111111111111,0.37037037037037035,0.867561030941987,27,0.1111111111111111,0.1111111111111111,0.1111111111111111,0.1608309118674127,27,27,3,0.05,0.1111111111111111,0.1111111111111111,0.1111111111111111,0.1608309118674127,27,0.37037037037037035,10,284.0,inf,0.867561030941987,1164.0311855944742,0.9695,2000,16,84,0.12412514251232225,2764.3629055023193,32.90908220836094,real4d,gp_qlogei,1,4,,
posthoc,0.14814814814814814,0.14814814814814814,0.14814814814814814,0.14814814814814814,0.8619901529940366,27,0.2962962962962963,0.2962962962962963,0.2962962962962963,0.25925925925925924,0.8619901529940366,27,0.2222222222222222,0.2222222222222222,0.2222222222222222,0.3333333333333333,0.8619901529940366,27,0.18518518518518517,0.18518518518518517,0.18518518518518517,0.48148148148148145,0.8619901529940366,27,0.18518518518518517,0.18518518518518517,0.18518518518518517,0.15122581147899872,27,27,5,0.05,0.18518518518518517,0.18518518518518517,0.18518518518518517,0.15122581147899872,27,0.48148148148148145,13,11.0,1897.0,0.8619901529940366,1178.9272892192937,0.9715,2000,16,84,0.12575872620280185,2817.92582654953,33.546736030351546,real4d,gp_qlogei,2,4,,
posthoc,0.037037037037037035,0.037037037037037035,0.037037037037037035,0.07407407407407407,0.8611918512615506,27,0.07407407407407407,0.07407407407407407,0.07407407407407407,0.18518518518518517,0.8611918512615506,27,0.07407407407407407,0.07407407407407407,0.07407407407407407,0.18518518518518517,0.8611918512615506,27,0.2222222222222222,0.2222222222222222,0.2222222222222222,0.37037037037037035,0.8611918512615506,27,0.2222222222222222,0.2222222222222222,0.2222222222222222,0.13097315200484264,27,27,6,0.05,0.2222222222222222,0.2222222222222222,0.2222222222222222,0.13097315200484264,27,0.37037037037037035,10,15.0,inf,0.8611918512615506,1188.977916740012,0.974,2000,16,84,0.11919972824002131,2813.689106464386,33.49629888648079,real4d,gp_qlogei,3,4,,
posthoc,0.07407407407407407,0.07407407407407407,0.07407407407407407,0.0,0.8636035011007687,27,0.1111111111111111,0.1111111111111111,0.1111111111111111,0.037037037037037035,0.8636035011007687,27,0.14814814814814814,0.14814814814814814,0.14814814814814814,0.14814814814814814,0.8636035011007687,27,0.1111111111111111,0.1111111111111111,0.1111111111111111,0.2962962962962963,0.8636035011007687,27,0.1111111111111111,0.1111111111111111,0.1111111111111111,0.14984733056793564,27,27,3,0.05,0.1111111111111111,0.1111111111111111,0.1111111111111111,0.14984733056793564,27,0.2962962962962963,8,413.0,inf,0.8636035011007687,1131.0025364599635,0.962,2000,16,84,0.1221576022618287,2834.454089164734,33.74350106148493,real4d,gp_qlogei,4,4,,
posthoc,0.07407407407407407,0.07407407407407407,0.07407407407407407,0.07407407407407407,0.876328542516019,27,0.14814814814814814,0.14814814814814814,0.14814814814814814,0.1111111111111111,0.876328542516019,27,0.18518518518518517,0.18518518518518517,0.18518518518518517,0.2222222222222222,0.8861747789993931,27,0.2962962962962963,0.2962962962962963,0.2962962962962963,0.37037037037037035,0.8861747789993931,27,0.2962962962962963,0.2962962962962963,0.2962962962962963,0.14224202304376485,27,27,8,0.05,0.2962962962962963,0.2962962962962963,0.2962962962962963,0.14224202304376485,27,0.37037037037037035,10,9.0,inf,0.8861747789993931,1143.5380743373921,0.9745,2000,16,84,0.12399700274484406,2327.8524346351624,27.712528983751934,real4d,gp_qlogei,5,4,,
posthoc,0.07407407407407407,0.07407407407407407,0.07407407407407407,0.07407407407407407,0.8520290535762843,27,0.1111111111111111,0.1111111111111111,0.1111111111111111,0.2222222222222222,0.8731327499905636,27,0.18518518518518517,0.18518518518518517,0.18518518518518517,0.2962962962962963,0.8731327499905636,27,0.2222222222222222,0.2222222222222222,0.2222222222222222,0.4074074074074074,0.8731327499905636,27,0.2222222222222222,0.2222222222222222,0.2222222222222222,0.14460370332986008,27,27,6,0.05,0.2222222222222222,0.2222222222222222,0.2222222222222222,0.14460370332986008,27,0.4074074074074074,11,2.0,inf,0.8731327499905636,1135.7146253089177,0.9755,2000,16,84,0.12202108391442183,2427.0457787513733,28.893402127992537,real4d,gp_qlogei,6,4,,
posthoc,0.18518518518518517,0.18518518518518517,0.18518518518518517,0.1111111111111111,0.8682358943921512,27,0.1111111111111111,0.1111111111111111,0.1111111111111111,0.18518518518518517,0.8709503016604245,27,0.25925925925925924,0.25925925925925924,0.25925925925925924,0.3333333333333333,0.8709503016604245,27,0.2222222222222222,0.2222222222222222,0.2222222222222222,0.37037037037037035,0.8720357198468236,27,0.2222222222222222,0.2222222222222222,0.2222222222222222,0.13296980979865444,27,27,6,0.05,0.2222222222222222,0.2222222222222222,0.2222222222222222,0.13296980979865444,27,0.37037037037037035,10,53.0,inf,0.8720357198468236,1187.2478651428532,0.9685,2000,16,84,0.12128667322202813,2366.6557393074036,28.1744730869929,real4d,gp_qlogei,7,4,,
posthoc,0.037037037037037035,0.037037037037037035,0.037037037037037035,0.037037037037037035,0.8769035059122329,27,0.1111111111111111,0.1111111111111111,0.1111111111111111,0.07407407407407407,0.8769035059122329,27,0.1111111111111111,0.1111111111111111,0.1111111111111111,0.2222222222222222,0.8769035059122329,27,0.25925925925925924,0.25925925925925924,0.25925925925925924,0.48148148148148145,0.8769035059122329,27,0.25925925925925924,0.25925925925925924,0.25925925925925924,0.13269063834463496,27,27,7,0.05,0.25925925925925924,0.25925925925925924,0.25925925925925924,0.13269063834463496,27,0.48148148148148145,13,92.0,1944.0,0.8769035059122329,760.5585956130078,0.9725,2000,16,84,0.12225073414140292,374.5564510822296,4.459005370026543,real4d,gp_ts,0,4,,
posthoc,0.0,0.0,0.0,0.037037037037037035,0.851977790803158,27,0.07407407407407407,0.07407407407407407,0.07407407407407407,0.1111111111111111,0.851977790803158,27,0.18518518518518517,0.18518518518518517,0.18518518518518517,0.2222222222222222,0.8530505794386057,27,0.18518518518518517,0.18518518518518517,0.18518518518518517,0.4074074074074074,0.8693339528071181,27,0.18518518518518517,0.18518518518518517,0.18518518518518517,0.12104277605872842,27,27,5,0.05,0.18518518518518517,0.18518518518518517,0.18518518518518517,0.12104277605872842,27,0.4074074074074074,11,195.0,inf,0.8693339528071181,1200.115303427418,0.967,2000,16,84,0.12200943569421387,2420.8148090839386,28.819223917665937,real4d,gp_qlogei,8,4,,
posthoc,0.14814814814814814,0.14814814814814814,0.14814814814814814,0.07407407407407407,0.8567682411804612,27,0.14814814814814814,0.14814814814814814,0.14814814814814814,0.1111111111111111,0.8567682411804612,27,0.37037037037037035,0.37037037037037035,0.37037037037037035,0.18518518518518517,0.8567682411804612,27,0.4074074074074074,0.4074074074074074,0.4074074074074074,0.4444444444444444,0.8732806158630658,27,0.4074074074074074,0.4074074074074074,0.4074074074074074,0.14024099024585698,27,27,11,0.05,0.4074074074074074,0.4074074074074074,0.4074074074074074,0.14024099024585698,27,0.4074074074074074,12,99.0,inf,0.8732806158630658,753.2836100610573,0.9715,2000,16,84,0.12085766132685745,330.603378534317,3.935754506360917,real4d,gp_ts,1,4,,
posthoc,0.2222222222222222,0.2222222222222222,0.2222222222222222,0.18518518518518517,0.8816132256293506,27,0.18518518518518517,0.18518518518518517,0.18518518518518517,0.2222222222222222,0.8816132256293506,27,0.14814814814814814,0.14814814814814814,0.14814814814814814,0.2962962962962963,0.8816132256293506,27,0.18518518518518517,0.18518518518518517,0.18518518518518517,0.48148148148148145,0.8850937531764629,27,0.18518518518518517,0.18518518518518517,0.18518518518518517,0.13752403118618567,27,27,5,0.05,0.18518518518518517,0.18518518518518517,0.18518518518518517,0.13752403118618567,27,0.48148148148148145,13,11.0,1949.0,0.8850937531764629,706.789882837144,0.9715,2000,16,84,0.1258203203071686,316.97701621055603,3.773535907268524,real4d,gp_ts,2,4,,
posthoc,0.037037037037037035,0.037037037037037035,0.037037037037037035,0.07407407407407407,0.8455529102476687,27,0.1111111111111111,0.1111111111111111,0.1111111111111111,0.2222222222222222,0.8847502328383287,27,0.14814814814814814,0.14814814814814814,0.14814814814814814,0.2962962962962963,0.8847502328383287,27,0.25925925925925924,0.25925925925925924,0.25925925925925924,0.5185185185185185,0.8847502328383287,27,0.25925925925925924,0.25925925925925924,0.25925925925925924,0.15403849611012815,27,27,7,0.05,0.25925925925925924,0.25925925925925924,0.25925925925925924,0.15403849611012815,27,0.5185185185185185,14,180.0,1685.0,0.8847502328383287,1109.02350815063,0.9735,2000,16,84,0.12037569761862472,2354.9954607486725,28.035660247008007,real4d,gp_qlogei,9,4,,
posthoc,0.1111111111111111,0.1111111111111111,0.1111111111111111,0.07407407407407407,0.8611918512615506,27,0.14814814814814814,0.14814814814814814,0.14814814814814814,0.14814814814814814,0.8611918512615506,27,0.18518518518518517,0.18518518518518517,0.18518518518518517,0.3333333333333333,0.8611918512615506,27,0.3333333333333333,0.3333333333333333,0.3333333333333333,0.5185185185185185,0.8871346148721708,27,0.3333333333333333,0.3333333333333333,0.3333333333333333,0.13785049500120333,27,27,9,0.05,0.3333333333333333,0.3333333333333333,0.3333333333333333,0.13785049500120333,27,0.5185185185185185,14,15.0,1795.0,0.8871346148721708,737.5815335269831,0.969,2000,16,84,0.12354265970520684,298.75670170783997,3.556627401283809,real4d,gp_ts,3,4,,
posthoc,0.037037037037037035,0.037037037037037035,0.037037037037037035,0.0,0.8636035011007687,27,0.0,0.0,0.0,0.07407407407407407,0.8636035011007687,27,0.07407407407407407,0.07407407407407407,0.07407407407407407,0.2962962962962963,0.8750610584915322,27,0.07407407407407407,0.07407407407407407,0.07407407407407407,0.6296296296296297,0.8794886481020541,27,0.07407407407407407,0.07407407407407407,0.07407407407407407,0.16577191810643316,27,27,2,0.05,0.07407407407407407,0.07407407407407407,0.07407407407407407,0.16577191810643316,27,0.6296296296296297,17,280.0,1478.0,0.8794886481020541,730.7047278444684,0.9705,2000,16,84,0.12493722010687826,290.70508337020874,3.4607748020262945,real4d,gp_ts,4,4,,
posthoc,0.14814814814814814,0.14814814814814814,0.14814814814814814,0.07407407407407407,0.876328542516019,27,0.2222222222222222,0.2222222222222222,0.2222222222222222,0.3333333333333333,0.876328542516019,27,0.18518518518518517,0.18518518518518517,0.18518518518518517,0.4074074074074074,0.876328542516019,27,0.25925925925925924,0.25925925925925924,0.25925925925925924,0.5185185185185185,0.8851941826649463,27,0.25925925925925924,0.25925925925925924,0.25925925925925924,0.17555213311084406,27,27,7,0.05,0.25925925925925924,0.25925925925925924,0.25925925925925924,0.17555213311084406,27,0.5185185185185185,14,9.0,1658.0,0.8851941826649463,788.0516012949525,0.9595,2000,16,84,0.12260556448184239,281.0875098705292,3.3462798794110618,real4d,gp_ts,5,4,,
posthoc,0.07407407407407407,0.07407407407407407,0.07407407407407407,0.07407407407407407,0.8482789594724202,27,0.07407407407407407,0.07407407407407407,0.07407407407407407,0.1111111111111111,0.8521128636435338,27,0.1111111111111111,0.1111111111111111,0.1111111111111111,0.2222222222222222,0.8837028212406949,27,0.2222222222222222,0.2222222222222222,0.2222222222222222,0.48148148148148145,0.8837028212406949,27,0.2222222222222222,0.2222222222222222,0.2222222222222222,0.1598621697854416,27,27,6,0.05,0.2222222222222222,0.2222222222222222,0.2222222222222222,0.1598621697854416,27,0.48148148148148145,13,48.0,1686.0,0.8837028212406949,749.7407186736782,0.961,2000,16,84,0.12202759710497721,272.93966341018677,3.249281707264128,real4d,gp_ts,7,4,,
posthoc,0.18518518518518517,0.18518518518518517,0.18518518518518517,0.1111111111111111,0.8788144328490681,27,0.2222222222222222,0.2222222222222222,0.2222222222222222,0.2222222222222222,0.8788144328490681,27,0.2962962962962963,0.2962962962962963,0.2962962962962963,0.48148148148148145,0.8788144328490681,27,0.37037037037037035,0.37037037037037035,0.37037037037037035,0.7037037037037037,0.8788144328490681,27,0.37037037037037035,0.37037037037037035,0.37037037037037035,0.12126815120021063,27,27,10,0.05,0.37037037037037035,0.37037037037037035,0.37037037037037035,0.12126815120021063,27,0.7037037037037037,19,2.0,780.0,0.8788144328490681,700.9436863895367,0.9695,2000,16,84,0.12439244826678174,280.32287859916687,3.337177126180558,real4d,gp_ts,6,4,,
posthoc,0.037037037037037035,0.037037037037037035,0.037037037037037035,0.07407407407407407,0.8549631951084957,27,0.1111111111111111,0.1111111111111111,0.1111111111111111,0.1111111111111111,0.8807771108573403,27,0.25925925925925924,0.25925925925925924,0.25925925925925924,0.4444444444444444,0.8807771108573403,27,0.4074074074074074,0.4074074074074074,0.4074074074074074,0.4444444444444444,0.8807771108573403,27,0.4074074074074074,0.4074074074074074,0.4074074074074074,0.12061257346437004,27,27,11,0.05,0.4074074074074074,0.4074074074074074,0.4074074074074074,0.12061257346437004,27,0.4444444444444444,12,132.0,inf,0.8807771108573403,685.1525462965449,0.9715,2000,16,84,0.1269421919626593,294.0895519256592,3.5010660943530856,real4d,gp_ts,8,4,,
posthoc,0.07407407407407407,0.07407407407407407,0.07407407407407407,0.0,0.8379306544204791,27,0.1111111111111111,0.1111111111111111,0.1111111111111111,0.07407407407407407,0.8549853810543062,27,0.2962962962962963,0.2962962962962963,0.2962962962962963,0.4444444444444444,0.8767313177407758,27,0.3333333333333333,0.3333333333333333,0.3333333333333333,0.6666666666666666,0.8849696909955005,27,0.3333333333333333,0.3333333333333333,0.3333333333333333,0.1209735009316426,27,27,9,0.05,0.3333333333333333,0.3333333333333333,0.3333333333333333,0.1209735009316426,27,0.6666666666666666,18,388.0,1008.0,0.8849696909955005,661.1185443787582,0.968,2000,16,84,0.12429646200928776,248.20903873443604,2.954869508743286,real4d,gp_ts,9,4,,
method,0.037037037037037035,1.0,0.07142857142857142,0.1111111111111111,0.855517366924339,1,0.037037037037037035,0.3333333333333333,0.06666666666666667,0.14814814814814814,0.8623918612027208,3,0.037037037037037035,0.2,0.0625,0.25925925925925924,0.8797446395502,5,0.14814814814814814,0.3076923076923077,0.2,0.4444444444444444,0.8862290146085525,13,0.14814814814814814,0.3076923076923077,0.2,0.3085643686507524,13,27,4,0.05,0.2222222222222222,0.2222222222222222,0.2222222222222222,0.16866528282011406,27,0.4444444444444444,12,11.0,inf,0.8862290146085525,52.53716577689865,0.961,2000,16,84,0.1319169313815484,325.72883582115173,3.877724235966092,real4d,zombihop,2,4,,0.14814814814814814
method,0.0,0.0,0.0,0.07407407407407407,0.868618328724394,0,0.0,0.0,0.0,0.1111111111111111,0.8692462323079648,2,0.037037037037037035,0.2,0.0625,0.2222222222222222,0.8766502169119424,5,0.14814814814814814,0.2857142857142857,0.1951219512195122,0.4074074074074074,0.8806376028656864,14,0.14814814814814814,0.2857142857142857,0.1951219512195122,0.29659085784649847,14,27,4,0.05,0.2222222222222222,0.2222222222222222,0.2222222222222222,0.1472587166050181,27,0.4074074074074074,11,74.0,inf,0.8806376028656864,54.90833315571722,0.965,2000,16,84,0.13111796108130347,349.81519746780396,4.1644666365214755,real4d,zombihop,1,4,,0.14814814814814814
method,0.0,0.0,0.0,0.07407407407407407,0.8852986675991448,1,0.07407407407407407,0.6666666666666666,0.13333333333333333,0.2222222222222222,0.8852986675991448,3,0.14814814814814814,0.5714285714285714,0.23529411764705882,0.37037037037037035,0.8852986675991448,7,0.2222222222222222,0.4,0.2857142857142857,0.37037037037037035,0.8852986675991448,15,0.2222222222222222,0.4,0.2857142857142857,0.2600344995262362,15,27,6,0.05,0.25925925925925924,0.25925925925925924,0.25925925925925924,0.13944872343291526,27,0.37037037037037035,10,149.0,inf,0.8852986675991448,65.76139801335631,0.967,2000,16,84,0.13160355529648168,470.363481760025,5.599565259047917,real4d,zombihop,0,4,,0.18518518518518517
method,0.037037037037037035,1.0,0.07142857142857142,0.1111111111111111,0.876328542516019,1,0.07407407407407407,0.6666666666666666,0.13333333333333333,0.18518518518518517,0.876328542516019,3,0.1111111111111111,0.5,0.1818181818181818,0.48148148148148145,0.8843027033986747,6,0.2222222222222222,0.4,0.2857142857142857,0.5925925925925926,0.8868953071710065,15,0.2222222222222222,0.4,0.2857142857142857,0.28111763474035395,15,27,6,0.05,0.25925925925925924,0.25925925925925924,0.25925925925925924,0.1605944119898602,27,0.5925925925925926,16,9.0,957.0,0.8868953071710065,58.83927892108109,0.968,2000,16,84,0.13027544169248992,306.5406551361084,3.6492935135251,real4d,zombihop,5,4,,0.18518518518518517
method,0.037037037037037035,1.0,0.07142857142857142,0.1111111111111111,0.8698172206463941,1,0.037037037037037035,0.3333333333333333,0.06666666666666667,0.1111111111111111,0.8702957206397215,3,0.037037037037037035,0.125,0.05714285714285714,0.2222222222222222,0.8749889228277278,8,0.14814814814814814,0.2222222222222222,0.17777777777777776,0.48148148148148145,0.8822202191149362,18,0.14814814814814814,0.2222222222222222,0.17777777777777776,0.2599066382712258,18,27,4,0.05,0.3333333333333333,0.3333333333333333,0.3333333333333333,0.14562467144298855,27,0.48148148148148145,13,15.0,1817.0,0.8822202191149362,61.410755276161254,0.97,2000,16,84,0.12859769994663953,671.463677406311,7.993615207217989,real4d,zombihop,3,4,,0.2962962962962963
method,0.037037037037037035,1.0,0.07142857142857142,0.07407407407407407,0.872483545709941,1,0.037037037037037035,0.5,0.06896551724137931,0.18518518518518517,0.872483545709941,2,0.07407407407407407,0.3333333333333333,0.12121212121212122,0.37037037037037035,0.882109815344536,6,0.18518518518518517,0.35714285714285715,0.24390243902439024,0.6666666666666666,0.882109815344536,14,0.18518518518518517,0.35714285714285715,0.24390243902439024,0.29910650961553836,14,27,5,0.05,0.48148148148148145,0.48148148148148145,0.48148148148148145,0.10761169141409231,27,0.6666666666666666,18,116.0,1197.0,0.882109815344536,53.3889598406886,0.9755,2000,16,84,0.12718427850455885,606.8122732639313,7.22395563409442,real4d,zombihop,7,4,,0.2962962962962963
method,0.0,0.0,0.0,0.14814814814814814,0.860870749371682,1,0.037037037037037035,0.5,0.06896551724137931,0.37037037037037035,0.872017625199422,2,0.14814814814814814,0.5714285714285714,0.23529411764705882,0.4444444444444444,0.872017625199422,7,0.18518518518518517,0.38461538461538464,0.25,0.5925925925925926,0.8825346642054428,13,0.2222222222222222,0.42857142857142855,0.29268292682926833,0.2854029471601233,14,27,6,0.05,0.4444444444444444,0.4444444444444444,0.4444444444444444,0.12980571225985138,27,0.5925925925925926,16,2.0,1242.0,0.8825346642054428,55.29682326121251,0.968,2000,16,84,0.1305034451676037,723.3678004741669,8.611521434216272,real4d,zombihop,6,4,,0.2962962962962963
method,0.0,0.0,0.0,0.07407407407407407,0.8769035059122329,1,0.0,0.0,0.0,0.25925925925925924,0.8769035059122329,1,0.07407407407407407,0.6666666666666666,0.13333333333333333,0.37037037037037035,0.8771539842778239,3,0.1111111111111111,0.6,0.18750000000000003,0.5555555555555556,0.8874949012023106,5,0.1111111111111111,0.6,0.18750000000000003,0.4158167894550357,5,27,3,0.05,0.37037037037037035,0.37037037037037035,0.37037037037037035,0.12701369627431408,27,0.5555555555555556,15,146.0,1407.0,0.8874949012023106,34.75459160819889,0.976,2000,16,84,0.1274410900413102,201.7018120288849,2.4012120479629155,real4d,zombihop_nc5,0,4,,0.18518518518518517
method,0.0,0.0,0.0,0.07407407407407407,0.8736389938376145,1,0.0,0.0,0.0,0.14814814814814814,0.878464073680147,2,0.07407407407407407,0.25,0.11428571428571428,0.4074074074074074,0.878464073680147,8,0.2222222222222222,0.375,0.27906976744186046,0.6296296296296297,0.8827469358030372,16,0.2222222222222222,0.375,0.27906976744186046,0.2847265668111639,16,27,6,0.05,0.3333333333333333,0.3333333333333333,0.3333333333333333,0.11515952015927858,27,0.6296296296296297,17,125.0,1280.0,0.8827469358030372,64.7478068952157,0.9725,2000,16,84,0.13011206731515498,1142.5841357707977,13.602192092509497,real4d,zombihop,4,4,,0.2962962962962963
method,0.0,0.0,0.0,0.07407407407407407,0.868618328724394,0,0.0,0.0,0.0,0.2962962962962963,0.8803995582794608,1,0.037037037037037035,0.5,0.06896551724137931,0.4074074074074074,0.889451869250737,2,0.07407407407407407,0.2857142857142857,0.11764705882352941,0.6666666666666666,0.889451869250737,7,0.07407407407407407,0.2857142857142857,0.11764705882352941,0.39191773328429447,7,27,2,0.05,0.25925925925925924,0.25925925925925924,0.25925925925925924,0.12706292981388745,27,0.6666666666666666,18,74.0,1040.0,0.889451869250737,41.823136672663175,0.976,2000,16,84,0.12842937792008108,383.6698820590973,4.567498595941634,real4d,zombihop_nc5,1,4,,0.1111111111111111
method,0.037037037037037035,1.0,0.07142857142857142,0.1111111111111111,0.8754476927191713,1,0.07407407407407407,0.5,0.12903225806451613,0.14814814814814814,0.8754476927191713,4,0.07407407407407407,0.2857142857142857,0.11764705882352941,0.25925925925925924,0.8754476927191713,7,0.2222222222222222,0.35294117647058826,0.27272727272727276,0.4444444444444444,0.8862613889646914,17,0.2222222222222222,0.35294117647058826,0.27272727272727276,0.24894214574771312,17,27,6,0.05,0.3333333333333333,0.3333333333333333,0.3333333333333333,0.14605190107363308,27,0.4444444444444444,12,54.0,inf,0.8862613889646914,66.37323510943912,0.974,2000,16,84,0.13150696213497196,880.3162331581116,10.479955156644186,real4d,zombihop,8,4,,0.2222222222222222
method,0.037037037037037035,1.0,0.07142857142857142,0.1111111111111111,0.8698172206463941,1,0.037037037037037035,0.5,0.06896551724137931,0.2222222222222222,0.8726186188774396,2,0.037037037037037035,0.25,0.06451612903225806,0.2962962962962963,0.8726186188774396,4,0.14814814814814814,0.5714285714285714,0.23529411764705882,0.7037037037037037,0.8776257515390948,7,0.14814814814814814,0.5714285714285714,0.23529411764705882,0.3966773501952811,7,27,4,0.05,0.37037037037037035,0.37037037037037035,0.37037037037037035,0.14305841733678745,27,0.7037037037037037,19,15.0,1324.0,0.8776257515390948,48.98402625688869,0.9665,2000,16,84,0.1271629945058133,358.60739064216614,4.269135602882931,real4d,zombihop_nc5,3,4,,0.18518518518518517
method,0.0,0.0,0.0,0.14814814814814814,0.855517366924339,0,0.0,0.0,0.0,0.25925925925925924,0.8800497524961928,0,0.07407407407407407,1.0,0.13793103448275862,0.48148148148148145,0.8804584347049965,2,0.1111111111111111,0.5,0.1818181818181818,0.5555555555555556,0.8804584347049965,6,0.1111111111111111,0.42857142857142855,0.17647058823529413,0.3934232690136912,7,27,3,0.05,0.25925925925925924,0.25925925925925924,0.25925925925925924,0.15973314943425176,27,0.5555555555555556,15,11.0,993.0,0.8804584347049965,44.50677120230311,0.967,2000,16,84,0.13083095728294578,678.6512758731842,8.079181855633145,real4d,zombihop_nc5,2,4,,0.18518518518518517
method,0.0,0.0,0.0,0.1111111111111111,0.8839158835898577,0,0.0,0.0,0.0,0.2962962962962963,0.8839158835898577,2,0.07407407407407407,0.2857142857142857,0.11764705882352941,0.37037037037037035,0.8839158835898577,7,0.1111111111111111,0.21428571428571427,0.14634146341463417,0.4444444444444444,0.8839158835898577,14,0.1111111111111111,0.2,0.14285714285714285,0.3015420723443023,15,27,3,0.05,0.18518518518518517,0.18518518518518517,0.18518518518518517,0.15596531014215506,27,0.4444444444444444,12,103.0,inf,0.8839158835898577,62.00168110535671,0.972,2000,16,84,0.130968229250597,1099.595290184021,13.090420121238346,real4d,zombihop,9,4,,0.1111111111111111
method,0.0,0.0,0.0,0.14814814814814814,0.860870749371682,0,0.0,0.0,0.0,0.2222222222222222,0.868298660675726,0,0.037037037037037035,1.0,0.07142857142857142,0.37037037037037035,0.871298922808924,1,0.07407407407407407,0.5,0.12903225806451613,0.6296296296296297,0.8845114308342582,4,0.07407407407407407,0.5,0.12903225806451613,0.43347094398885466,4,27,2,0.05,0.4444444444444444,0.4444444444444444,0.4444444444444444,0.12249102160272429,27,0.6296296296296297,17,2.0,1264.0,0.8845114308342582,29.735882293449116,0.9645,2000,16,84,0.13102611350750307,308.2904043197632,3.6701238609495617,real4d,zombihop_nc5,6,4,,0.1111111111111111
method,0.0,0.0,0.0,0.07407407407407407,0.872483545709941,0,0.0,0.0,0.0,0.25925925925925924,0.872483545709941,0,0.0,0.0,0.0,0.4444444444444444,0.8803105116428968,1,0.037037037037037035,0.25,0.06451612903225806,0.48148148148148145,0.8844135917451733,4,0.037037037037037035,0.25,0.06451612903225806,0.4363586170567966,4,27,1,0.05,0.25925925925925924,0.25925925925925924,0.25925925925925924,0.16162835026722777,27,0.48148148148148145,13,116.0,1016.0,0.8844135917451733,45.128149639634316,0.9735,2000,16,84,0.1281823712632922,161.40708303451538,1.9215128932680403,real4d,zombihop_nc5,7,4,,0.037037037037037035
method,0.0,0.0,0.0,0.037037037037037035,0.8736389938376145,0,0.0,0.0,0.0,0.1111111111111111,0.8787837865487377,0,0.037037037037037035,0.5,0.06896551724137931,0.2962962962962963,0.8787837865487377,2,0.07407407407407407,0.2857142857142857,0.11764705882352941,0.48148148148148145,0.8844745868979826,7,0.07407407407407407,0.2857142857142857,0.11764705882352941,0.39429258145714313,7,27,2,0.05,0.25925925925925924,0.25925925925925924,0.25925925925925924,0.11536713019811852,27,0.48148148148148145,13,125.0,1673.0,0.8844745868979826,40.808808428075885,0.961,2000,16,84,0.1291383138396953,583.7990283966064,6.949988433292934,real4d,zombihop_nc5,4,4,,0.14814814814814814
posthoc,0.0,0.0,0.0,0.0,0.8818531659533506,68,0.0,0.0,0.0,0.0,0.8818531659533506,68,0.0,0.0,0.0,0.0,0.8818531659533506,68,0.029411764705882353,0.029411764705882353,0.029411764705882353,0.014705882352941176,0.8881865226395036,68,0.029411764705882353,0.029411764705882353,0.029411764705882353,0.19317902572893508,68,68,2,0.05,0.029411764705882353,0.029411764705882353,0.029411764705882353,0.19317902572893508,68,0.014705882352941176,1,1698.0,inf,0.8881865226395036,895.154333063449,0.26,2000,16,84,0.13106628846056426,0.9983057975769043,0.01188459282829648,real6d,random,0,6,,
method,0.037037037037037035,1.0,0.07142857142857142,0.1111111111111111,0.8853604914509723,1,0.037037037037037035,1.0,0.07142857142857142,0.2962962962962963,0.8853604914509723,1,0.037037037037037035,1.0,0.07142857142857142,0.5185185185185185,0.8853604914509723,1,0.1111111111111111,0.6,0.18750000000000003,0.7037037037037037,0.8880215687582725,5,0.1111111111111111,0.6,0.18750000000000003,0.4170626887789925,5,27,3,0.05,0.2962962962962963,0.2962962962962963,0.2962962962962963,0.10862342715634686,27,0.7037037037037037,19,9.0,767.0,0.8880215687582725,44.69024901328052,0.9695,2000,16,84,0.12876333803319295,555.1241040229797,6.608620285987854,real4d,zombihop_nc5,5,4,,0.14814814814814814
posthoc,0.0,0.0,0.0,0.0,0.8842645368985378,68,0.029411764705882353,0.029411764705882353,0.029411764705882353,0.0,0.8939848542457821,68,0.04411764705882353,0.04411764705882353,0.04411764705882353,0.0,0.8939848542457821,68,0.058823529411764705,0.058823529411764705,0.058823529411764705,0.029411764705882353,0.8939848542457821,68,0.058823529411764705,0.058823529411764705,0.058823529411764705,0.20809224256611783,68,68,4,0.05,0.058823529411764705,0.058823529411764705,0.058823529411764705,0.20809224256611783,68,0.029411764705882353,2,1195.0,inf,0.8939848542457821,902.1847653627816,0.2675,2000,16,84,0.12750087458788675,0.8784394264221191,0.010457612219310942,real6d,random,1,6,,
posthoc,0.0,0.0,0.0,0.0,0.8394580933748985,68,0.0,0.0,0.0,0.0,0.845541416338595,68,0.0,0.0,0.0,0.0,0.8816548576359955,68,0.029411764705882353,0.029411764705882353,0.029411764705882353,0.029411764705882353,0.8969819780837833,68,0.029411764705882353,0.029411764705882353,0.029411764705882353,0.19702524767303264,68,68,2,0.05,0.029411764705882353,0.029411764705882353,0.029411764705882353,0.19702524767303264,68,0.029411764705882353,2,1229.0,inf,0.8969819780837833,897.3055772885006,0.2625,2000,16,84,0.1267398498854627,0.9175224304199219,0.010922886076427642,real6d,random,2,6,,
posthoc,0.014705882352941176,0.014705882352941176,0.014705882352941176,0.0,0.8990258383708029,68,0.0,0.0,0.0,0.0,0.8990258383708029,68,0.0,0.0,0.0,0.0,0.8990258383708029,68,0.014705882352941176,0.014705882352941176,0.014705882352941176,0.0,0.8990258383708029,68,0.014705882352941176,0.014705882352941176,0.014705882352941176,0.19269548877116066,68,68,1,0.05,0.014705882352941176,0.014705882352941176,0.014705882352941176,0.19269548877116066,68,0.0,0,inf,inf,0.8990258383708029,899.4430928186235,0.287,2000,16,84,0.12954553203663724,0.9338579177856445,0.011117356164114816,real6d,random,3,6,,
posthoc,0.0,0.0,0.0,0.0,0.8763496805356403,68,0.014705882352941176,0.014705882352941176,0.014705882352941176,0.0,0.8763496805356403,68,0.014705882352941176,0.014705882352941176,0.014705882352941176,0.0,0.8788200805093327,68,0.0,0.0,0.0,0.0,0.8839891073363837,68,0.0,0.0,0.0,0.1646100671565549,68,68,0,0.05,0.0,0.0,0.0,0.1646100671565549,68,0.0,0,inf,inf,0.8839891073363837,889.6764966521837,0.2735,2000,16,84,0.1312076974323679,0.9916372299194336,0.011805205118088495,real6d,random,4,6,,
posthoc,0.0,0.0,0.0,0.0,0.8555790179292704,68,0.0,0.0,0.0,0.0,0.8580504893099341,68,0.0,0.0,0.0,0.0,0.8580504893099341,68,0.014705882352941176,0.014705882352941176,0.014705882352941176,0.029411764705882353,0.903051337981359,68,0.014705882352941176,0.014705882352941176,0.014705882352941176,0.20495975837876312,68,68,1,0.05,0.014705882352941176,0.014705882352941176,0.014705882352941176,0.20495975837876312,68,0.029411764705882353,2,1648.0,inf,0.903051337981359,907.060032196923,0.2575,2000,16,84,0.13226579117741497,0.9329025745391846,0.011105983030228387,real6d,random,5,6,,
posthoc,0.014705882352941176,0.014705882352941176,0.014705882352941176,0.014705882352941176,0.8794150990994873,68,0.014705882352941176,0.014705882352941176,0.014705882352941176,0.014705882352941176,0.8794150990994873,68,0.029411764705882353,0.029411764705882353,0.029411764705882353,0.014705882352941176,0.8794150990994873,68,0.029411764705882353,0.029411764705882353,0.029411764705882353,0.029411764705882353,0.8794150990994873,68,0.029411764705882353,0.029411764705882353,0.029411764705882353,0.19267956431892938,68,68,2,0.05,0.029411764705882353,0.029411764705882353,0.029411764705882353,0.19267956431892938,68,0.029411764705882353,2,229.0,inf,0.8794150990994873,899.6870320777168,0.2655,2000,16,84,0.13052195171769992,1.2713429927825928,0.015135035628364199,real6d,random,6,6,,
posthoc,0.0,0.0,0.0,0.0,0.8311645569612882,68,0.014705882352941176,0.014705882352941176,0.014705882352941176,0.014705882352941176,0.8680001678447327,68,0.014705882352941176,0.014705882352941176,0.014705882352941176,0.014705882352941176,0.8680001678447327,68,0.029411764705882353,0.029411764705882353,0.029411764705882353,0.04411764705882353,0.8739943619485796,68,0.029411764705882353,0.029411764705882353,0.029411764705882353,0.17777605648071532,68,68,2,0.05,0.029411764705882353,0.029411764705882353,0.029411764705882353,0.17777605648071532,68,0.04411764705882353,3,428.0,inf,0.8739943619485796,913.0975335945839,0.234,2000,16,84,0.1325851777698656,0.8957467079162598,0.010663651284717378,real6d,random,7,6,,
posthoc,0.029411764705882353,0.029411764705882353,0.029411764705882353,0.029411764705882353,0.87955153065212,68,0.014705882352941176,0.014705882352941176,0.014705882352941176,0.029411764705882353,0.87955153065212,68,0.014705882352941176,0.014705882352941176,0.014705882352941176,0.029411764705882353,0.87955153065212,68,0.04411764705882353,0.04411764705882353,0.04411764705882353,0.04411764705882353,0.8904334431307918,68,0.04411764705882353,0.04411764705882353,0.04411764705882353,0.1937543409314162,68,68,3,0.05,0.04411764705882353,0.04411764705882353,0.04411764705882353,0.1937543409314162,68,0.04411764705882353,3,148.0,inf,0.8904334431307918,909.8111879034298,0.2615,2000,16,84,0.13062056548884907,0.9198606014251709,0.010950721445537749,real6d,random,8,6,,
posthoc,0.0,0.0,0.0,0.0,0.8656632832916598,68,0.0,0.0,0.0,0.0,0.8656632832916598,68,0.0,0.0,0.0,0.0,0.8656632832916598,68,0.04411764705882353,0.04411764705882353,0.04411764705882353,0.04411764705882353,0.922208190378211,68,0.04411764705882353,0.04411764705882353,0.04411764705882353,0.19249509854171074,68,68,3,0.05,0.04411764705882353,0.04411764705882353,0.04411764705882353,0.19249509854171074,68,0.04411764705882353,3,1678.0,inf,0.922208190378211,903.1741375337806,0.257,2000,16,84,0.12921701071089517,0.9672136306762695,0.011514447984241304,real6d,random,9,6,,
method,0.0,0.0,0.0,0.07407407407407407,0.8814276076846841,0,0.0,0.0,0.0,0.14814814814814814,0.8834464252406978,0,0.037037037037037035,0.5,0.06896551724137931,0.3333333333333333,0.8877768836700344,2,0.1111111111111111,0.42857142857142855,0.17647058823529413,0.5925925925925926,0.8877768836700344,7,0.1111111111111111,0.42857142857142855,0.17647058823529413,0.3873721789140181,7,27,3,0.05,0.2962962962962963,0.2962962962962963,0.2962962962962963,0.143041303413186,27,0.5925925925925926,16,54.0,1222.0,0.8877768836700344,43.32041240161202,0.9775,2000,16,84,0.13078234104169492,447.32096695899963,5.325249606654758,real4d,zombihop_nc5,8,4,,0.1111111111111111
method,0.0,0.0,0.0,0.1111111111111111,0.8839158835898577,0,0.037037037037037035,1.0,0.07142857142857142,0.18518518518518517,0.8839158835898577,1,0.037037037037037035,0.5,0.06896551724137931,0.37037037037037035,0.8839158835898577,2,0.07407407407407407,0.3333333333333333,0.12121212121212122,0.5185185185185185,0.8839158835898577,6,0.07407407407407407,0.3333333333333333,0.12121212121212122,0.4135556769249933,6,27,2,0.05,0.2222222222222222,0.2222222222222222,0.2222222222222222,0.15035544450365693,27,0.5185185185185185,14,103.0,1572.0,0.8839158835898577,52.15501145188482,0.97,2000,16,84,0.1320599965796518,551.5596957206726,6.566186853817531,real4d,zombihop_nc5,9,4,,0.1111111111111111
posthoc,0.014705882352941176,0.014705882352941176,0.014705882352941176,0.0,0.8673693787177805,68,0.029411764705882353,0.029411764705882353,0.029411764705882353,0.0,0.886038839837503,68,0.029411764705882353,0.029411764705882353,0.029411764705882353,0.0,0.886038839837503,68,0.029411764705882353,0.029411764705882353,0.029411764705882353,0.0,0.886038839837503,68,0.029411764705882353,0.029411764705882353,0.029411764705882353,0.20177161330748192,68,68,2,0.05,0.029411764705882353,0.029411764705882353,0.029411764705882353,0.20177161330748192,68,0.0,0,inf,inf,0.886038839837503,1109.2951300828138,0.3465,2000,16,84,0.12970453829001924,1744.4816508293152,20.76763870034899,real6d,gp_qucb,0,6,,
posthoc,0.0,0.0,0.0,0.0,0.8267098965630696,68,0.014705882352941176,0.014705882352941176,0.014705882352941176,0.0,0.8675817753475542,68,0.014705882352941176,0.014705882352941176,0.014705882352941176,0.0,0.8675817753475542,68,0.029411764705882353,0.029411764705882353,0.029411764705882353,0.014705882352941176,0.9005302951057497,68,0.029411764705882353,0.029411764705882353,0.029411764705882353,0.2131408319787972,68,68,2,0.05,0.029411764705882353,0.029411764705882353,0.029411764705882353,0.2131408319787972,68,0.014705882352941176,1,1822.0,inf,0.9005302951057497,1135.6104419782885,0.344,2000,16,84,0.12441320935257284,1707.9584512710571,20.332838705607823,real6d,gp_qucb,2,6,,
posthoc,0.0,0.0,0.0,0.0,0.8214259441162775,68,0.014705882352941176,0.014705882352941176,0.014705882352941176,0.0,0.8759700434888007,68,0.029411764705882353,0.029411764705882353,0.029411764705882353,0.014705882352941176,0.899223417087439,68,0.014705882352941176,0.014705882352941176,0.014705882352941176,0.014705882352941176,0.899223417087439,68,0.014705882352941176,0.014705882352941176,0.014705882352941176,0.22846416621394727,68,68,1,0.05,0.014705882352941176,0.014705882352941176,0.014705882352941176,0.22846416621394727,68,0.014705882352941176,1,626.0,inf,0.899223417087439,1105.1353816203427,0.323,2000,16,84,0.12557508038358348,1776.036868572235,21.14329605443137,real6d,gp_qucb,1,6,,
posthoc,0.0,0.0,0.0,0.0,0.8618995611175683,68,0.014705882352941176,0.014705882352941176,0.014705882352941176,0.014705882352941176,0.8932684765074891,68,0.014705882352941176,0.014705882352941176,0.014705882352941176,0.014705882352941176,0.8932684765074891,68,0.014705882352941176,0.014705882352941176,0.014705882352941176,0.014705882352941176,0.8932684765074891,68,0.014705882352941176,0.014705882352941176,0.014705882352941176,0.21868025604817104,68,68,1,0.05,0.014705882352941176,0.014705882352941176,0.014705882352941176,0.21868025604817104,68,0.014705882352941176,1,432.0,inf,0.8932684765074891,1104.3212537322447,0.342,2000,16,84,0.12574972612164992,1742.7363240718842,20.746861000855763,real6d,gp_qucb,3,6,,
posthoc,0.0,0.0,0.0,0.0,0.8534826628568999,68,0.014705882352941176,0.014705882352941176,0.014705882352941176,0.0,0.8559339164956055,68,0.029411764705882353,0.029411764705882353,0.029411764705882353,0.029411764705882353,0.8851450997633783,68,0.014705882352941176,0.014705882352941176,0.014705882352941176,0.029411764705882353,0.8851450997633783,68,0.014705882352941176,0.014705882352941176,0.014705882352941176,0.24141954583963604,68,68,1,0.05,0.014705882352941176,0.014705882352941176,0.014705882352941176,0.24141954583963604,68,0.029411764705882353,2,670.0,inf,0.8851450997633783,1110.248313143789,0.3385,2000,16,84,0.12620442695317338,1769.2325975894928,21.062292828446342,real6d,gp_qucb,4,6,,
posthoc,0.0,0.0,0.0,0.0,0.8555790179292704,68,0.014705882352941176,0.014705882352941176,0.014705882352941176,0.0,0.8609987640505277,68,0.0,0.0,0.0,0.0,0.8609987640505277,68,0.014705882352941176,0.014705882352941176,0.014705882352941176,0.014705882352941176,0.8844991694333637,68,0.014705882352941176,0.014705882352941176,0.014705882352941176,0.2242386064926006,68,68,1,0.05,0.014705882352941176,0.014705882352941176,0.014705882352941176,0.2242386064926006,68,0.014705882352941176,1,1407.0,inf,0.8844991694333637,1112.917686905183,0.335,2000,16,84,0.12879224766464342,1765.858568429947,21.022125814642227,real6d,gp_qucb,5,6,,
posthoc,0.0,0.0,0.0,0.0,0.8799951037405307,68,0.0,0.0,0.0,0.0,0.8799951037405307,68,0.014705882352941176,0.014705882352941176,0.014705882352941176,0.014705882352941176,0.8799951037405307,68,0.04411764705882353,0.04411764705882353,0.04411764705882353,0.029411764705882353,0.8940233357858678,68,0.04411764705882353,0.04411764705882353,0.04411764705882353,0.20858866712641633,68,68,3,0.05,0.04411764705882353,0.04411764705882353,0.04411764705882353,0.20858866712641633,68,0.029411764705882353,2,628.0,inf,0.8940233357858678,1126.278307068222,0.331,2000,16,84,0.12994493523147008,1742.5505838394165,20.744649807612102,real6d,gp_qucb,7,6,,
posthoc,0.0,0.0,0.0,0.0,0.8559527955458766,68,0.0,0.0,0.0,0.0,0.8559527955458766,68,0.014705882352941176,0.014705882352941176,0.014705882352941176,0.0,0.8559527955458766,68,0.029411764705882353,0.029411764705882353,0.029411764705882353,0.014705882352941176,0.8747493437642377,68,0.029411764705882353,0.029411764705882353,0.029411764705882353,0.21826706474856714,68,68,2,0.05,0.029411764705882353,0.029411764705882353,0.029411764705882353,0.21826706474856714,68,0.014705882352941176,1,1366.0,inf,0.8747493437642377,1108.2772123817235,0.3355,2000,16,84,0.12670745460817906,1803.3633584976196,21.46861141068595,real6d,gp_qucb,6,6,,
posthoc,0.0,0.0,0.0,0.0,0.8679801188665408,68,0.014705882352941176,0.014705882352941176,0.014705882352941176,0.0,0.890790019552585,68,0.04411764705882353,0.04411764705882353,0.04411764705882353,0.014705882352941176,0.890790019552585,68,0.058823529411764705,0.058823529411764705,0.058823529411764705,0.029411764705882353,0.890790019552585,68,0.058823529411764705,0.058823529411764705,0.058823529411764705,0.21625584477043985,68,68,4,0.05,0.058823529411764705,0.058823529411764705,0.058823529411764705,0.21625584477043985,68,0.029411764705882353,2,968.0,inf,0.890790019552585,1113.3306903215584,0.3435,2000,16,84,0.12760320977525574,1765.5613234043121,21.018587183384668,real6d,gp_qucb,8,6,,
posthoc,0.0,0.0,0.0,0.0,0.843988317288918,68,0.0,0.0,0.0,0.0,0.8726062793596671,68,0.0,0.0,0.0,0.0,0.8726062793596671,68,0.04411764705882353,0.04411764705882353,0.04411764705882353,0.014705882352941176,0.8976553996131071,68,0.04411764705882353,0.04411764705882353,0.04411764705882353,0.20206866311257318,68,68,3,0.05,0.04411764705882353,0.04411764705882353,0.04411764705882353,0.20206866311257318,68,0.014705882352941176,1,1068.0,inf,0.8976553996131071,1119.0140473954773,0.307,2000,16,84,0.1278806551952822,1727.852376461029,20.569671148345584,real6d,gp_qucb,9,6,,
posthoc,0.014705882352941176,0.014705882352941176,0.014705882352941176,0.0,0.858374270518674,68,0.0,0.0,0.0,0.0,0.858374270518674,68,0.0,0.0,0.0,0.0,0.8585918766858502,68,0.014705882352941176,0.014705882352941176,0.014705882352941176,0.014705882352941176,0.8941458354671147,68,0.014705882352941176,0.014705882352941176,0.014705882352941176,0.21513128211189342,68,68,1,0.05,0.014705882352941176,0.014705882352941176,0.014705882352941176,0.21513128211189342,68,0.014705882352941176,1,1088.0,inf,0.8941458354671147,967.9706525541765,0.3895,2000,16,84,0.12868417923814623,2134.847842693329,25.414855270158675,real6d,gp_qlogei,0,6,,
posthoc,0.014705882352941176,0.014705882352941176,0.014705882352941176,0.0,0.842450652634325,68,0.029411764705882353,0.029411764705882353,0.029411764705882353,0.014705882352941176,0.8695939705636501,68,0.029411764705882353,0.029411764705882353,0.029411764705882353,0.014705882352941176,0.8695939705636501,68,0.08823529411764706,0.08823529411764706,0.08823529411764706,0.08823529411764706,0.8862088002331094,68,0.08823529411764706,0.08823529411764706,0.08823529411764706,0.169719373799913,68,68,6,0.05,0.08823529411764706,0.08823529411764706,0.08823529411764706,0.169719373799913,68,0.08823529411764706,6,402.0,inf,0.8862088002331094,967.3160796851668,0.436,2000,16,84,0.12494231977368295,2138.343812942505,25.456473963601248,real6d,gp_qlogei,2,6,,
posthoc,0.0,0.0,0.0,0.0,0.8553684848008436,68,0.029411764705882353,0.029411764705882353,0.029411764705882353,0.029411764705882353,0.9011723709916081,68,0.04411764705882353,0.04411764705882353,0.04411764705882353,0.04411764705882353,0.9011723709916081,68,0.058823529411764705,0.058823529411764705,0.058823529411764705,0.04411764705882353,0.9011723709916081,68,0.058823529411764705,0.058823529411764705,0.058823529411764705,0.23114317344997048,68,68,4,0.05,0.058823529411764705,0.058823529411764705,0.058823529411764705,0.23114317344997048,68,0.04411764705882353,3,459.0,inf,0.9011723709916081,934.0177324947377,0.4295,2000,16,84,0.1263371006000177,2246.2353944778442,26.74089755330767,real6d,gp_qlogei,1,6,,
posthoc,0.014705882352941176,0.014705882352941176,0.014705882352941176,0.014705882352941176,0.8900359555881161,68,0.014705882352941176,0.014705882352941176,0.014705882352941176,0.014705882352941176,0.8932684765074891,68,0.014705882352941176,0.014705882352941176,0.014705882352941176,0.014705882352941176,0.8932684765074891,68,0.014705882352941176,0.014705882352941176,0.014705882352941176,0.014705882352941176,0.8932684765074891,68,0.014705882352941176,0.014705882352941176,0.014705882352941176,0.19321088668451136,68,68,1,0.05,0.014705882352941176,0.014705882352941176,0.014705882352941176,0.19321088668451136,68,0.014705882352941176,1,89.0,inf,0.8932684765074891,947.3604280192677,0.4715,2000,16,84,0.12643883649386364,2341.7864983081818,27.87841069414502,real6d,gp_qlogei,3,6,,
posthoc,0.0,0.0,0.0,0.0,0.8534826628568999,68,0.0,0.0,0.0,0.0,0.8738310846256488,68,0.0,0.0,0.0,0.0,0.8748184569799227,68,0.0,0.0,0.0,0.0,0.8748184569799227,68,0.0,0.0,0.0,0.1923912794791413,68,68,0,0.05,0.0,0.0,0.0,0.1923912794791413,68,0.0,0,inf,inf,0.8748184569799227,954.9286426651556,0.4715,2000,16,84,0.12870474857023662,2378.8511834144592,28.31965694541023,real6d,gp_qlogei,4,6,,
posthoc,0.0,0.0,0.0,0.0,0.8555790179292704,68,0.0,0.0,0.0,0.0,0.8555790179292704,68,0.0,0.0,0.0,0.0,0.8765324887234908,68,0.029411764705882353,0.029411764705882353,0.029411764705882353,0.0,0.8765324887234908,68,0.029411764705882353,0.029411764705882353,0.029411764705882353,0.20712122645594686,68,68,2,0.05,0.029411764705882353,0.029411764705882353,0.029411764705882353,0.20712122645594686,68,0.0,0,inf,inf,0.8765324887234908,1016.9374776234461,0.354,2000,16,84,0.12968427363374743,2725.8567640781403,32.450675762835004,real6d,gp_qlogei,5,6,,
posthoc,0.0,0.0,0.0,0.0,0.8427768404275425,68,0.0,0.0,0.0,0.0,0.8427768404275425,68,0.0,0.0,0.0,0.0,0.8427768404275425,68,0.014705882352941176,0.014705882352941176,0.014705882352941176,0.014705882352941176,0.8861119857563705,68,0.014705882352941176,0.014705882352941176,0.014705882352941176,0.21988129226206038,68,68,1,0.05,0.014705882352941176,0.014705882352941176,0.014705882352941176,0.21988129226206038,68,0.014705882352941176,1,1703.0,inf,0.8861119857563705,1046.196950149968,0.353,2000,16,84,0.12784173319397207,2747.8567168712616,32.71257996275311,real6d,gp_qlogei,6,6,,
posthoc,0.0,0.0,0.0,0.0,0.8469287837746213,68,0.014705882352941176,0.014705882352941176,0.014705882352941176,0.0,0.8624825605935666,68,0.04411764705882353,0.04411764705882353,0.04411764705882353,0.029411764705882353,0.8822206777880937,68,0.058823529411764705,0.058823529411764705,0.058823529411764705,0.029411764705882353,0.8822206777880937,68,0.058823529411764705,0.058823529411764705,0.058823529411764705,0.19908476246540116,68,68,4,0.05,0.058823529411764705,0.058823529411764705,0.058823529411764705,0.19908476246540116,68,0.029411764705882353,2,540.0,inf,0.8822206777880937,1021.2309594387559,0.4095,2000,16,84,0.12853850343911424,2789.857173204422,33.21258539529074,real6d,gp_qlogei,7,6,,
posthoc,0.0,0.0,0.0,0.0,0.858374270518674,68,0.0,0.0,0.0,0.0,0.858374270518674,68,0.0,0.0,0.0,0.0,0.8798146632870256,68,0.0,0.0,0.0,0.0,0.8798146632870256,68,0.0,0.0,0.0,0.1896899475155045,68,68,0,0.05,0.0,0.0,0.0,0.1896899475155045,68,0.0,0,inf,inf,0.8798146632870256,817.3649737415225,0.4045,2000,16,84,0.12961894899771018,381.5708866119385,4.542510554904029,real6d,gp_ts,0,6,,
posthoc,0.0,0.0,0.0,0.0,0.8307743687668083,68,0.0,0.0,0.0,0.0,0.8482964703782868,68,0.014705882352941176,0.014705882352941176,0.014705882352941176,0.0,0.8830408064852231,68,0.014705882352941176,0.014705882352941176,0.014705882352941176,0.0,0.8952647687488633,68,0.014705882352941176,0.014705882352941176,0.014705882352941176,0.2337544486008805,68,68,1,0.05,0.014705882352941176,0.014705882352941176,0.014705882352941176,0.2337544486008805,68,0.0,0,inf,inf,0.8952647687488633,819.1219874487226,0.371,2000,16,84,0.1266562995403316,398.5748100280762,4.744938214619954,real6d,gp_ts,1,6,,
posthoc,0.0,0.0,0.0,0.0,0.8679801188665408,68,0.0,0.0,0.0,0.0,0.8679801188665408,68,0.014705882352941176,0.014705882352941176,0.014705882352941176,0.014705882352941176,0.8813336401559393,68,0.029411764705882353,0.029411764705882353,0.029411764705882353,0.058823529411764705,0.8827957952800997,68,0.029411764705882353,0.029411764705882353,0.029411764705882353,0.2085497166077386,68,68,2,0.05,0.029411764705882353,0.029411764705882353,0.029411764705882353,0.2085497166077386,68,0.058823529411764705,4,853.0,inf,0.8827957952800997,965.3982421762099,0.406,2000,16,84,0.12796611900258184,2825.1387507915497,33.63260417608988,real6d,gp_qlogei,8,6,,
posthoc,0.0,0.0,0.0,0.0,0.8537590179421364,68,0.014705882352941176,0.014705882352941176,0.014705882352941176,0.014705882352941176,0.8820741068849773,68,0.014705882352941176,0.014705882352941176,0.014705882352941176,0.029411764705882353,0.8845184261358043,68,0.029411764705882353,0.029411764705882353,0.029411764705882353,0.058823529411764705,0.8845184261358043,68,0.029411764705882353,0.029411764705882353,0.029411764705882353,0.19863563925246916,68,68,2,0.05,0.029411764705882353,0.029411764705882353,0.029411764705882353,0.19863563925246916,68,0.058823529411764705,4,307.0,inf,0.8845184261358043,811.9271818816219,0.372,2000,16,84,0.12385649042773722,376.26359963417053,4.479328567073459,real6d,gp_ts,2,6,,
posthoc,0.014705882352941176,0.014705882352941176,0.014705882352941176,0.0,0.8659383725488831,68,0.029411764705882353,0.029411764705882353,0.029411764705882353,0.0,0.8659383725488831,68,0.04411764705882353,0.04411764705882353,0.04411764705882353,0.029411764705882353,0.8730144313149891,68,0.029411764705882353,0.029411764705882353,0.029411764705882353,0.029411764705882353,0.8730144313149891,68,0.029411764705882353,0.029411764705882353,0.029411764705882353,0.21350943002908102,68,68,2,0.05,0.029411764705882353,0.029411764705882353,0.029411764705882353,0.21350943002908102,68,0.029411764705882353,2,779.0,inf,0.8730144313149891,985.4501157324033,0.4285,2000,16,84,0.12803499894454598,2756.603820323944,32.81671214671362,real6d,gp_qlogei,9,6,,
posthoc,0.0,0.0,0.0,0.0,0.8618995611175683,68,0.014705882352941176,0.014705882352941176,0.014705882352941176,0.0,0.8656086209863659,68,0.029411764705882353,0.029411764705882353,0.029411764705882353,0.0,0.8726304484233018,68,0.0,0.0,0.0,0.0,0.896401194390714,68,0.0,0.0,0.0,0.17507758750867383,68,68,0,0.05,0.0,0.0,0.0,0.17507758750867383,68,0.0,0,inf,inf,0.896401194390714,817.9225333386752,0.3965,2000,16,84,0.12493877378608029,460.7320339679718,5.484905166285379,real6d,gp_ts,3,6,,
posthoc,0.0,0.0,0.0,0.0,0.8534826628568999,68,0.0,0.0,0.0,0.0,0.8641088068771637,68,0.0,0.0,0.0,0.0,0.8641088068771637,68,0.029411764705882353,0.029411764705882353,0.029411764705882353,0.04411764705882353,0.8813468863899838,68,0.029411764705882353,0.029411764705882353,0.029411764705882353,0.19167771251602636,68,68,2,0.05,0.029411764705882353,0.029411764705882353,0.029411764705882353,0.19167771251602636,68,0.04411764705882353,3,1282.0,inf,0.8813468863899838,799.7940224129184,0.363,2000,16,84,0.12925329930345916,476.5137939453125,5.67278326125372,real6d,gp_ts,4,6,,
posthoc,0.0,0.0,0.0,0.0,0.8555790179292704,68,0.0,0.0,0.0,0.0,0.8555790179292704,68,0.014705882352941176,0.014705882352941176,0.014705882352941176,0.0,0.8555790179292704,68,0.014705882352941176,0.014705882352941176,0.014705882352941176,0.014705882352941176,0.8699091134140358,68,0.014705882352941176,0.014705882352941176,0.014705882352941176,0.20045650863542702,68,68,1,0.05,0.014705882352941176,0.014705882352941176,0.014705882352941176,0.20045650863542702,68,0.014705882352941176,1,1145.0,inf,0.8699091134140358,811.1568669429627,0.374,2000,16,84,0.12855009258233774,468.8289384841919,5.58129688671657,real6d,gp_ts,5,6,,
posthoc,0.0,0.0,0.0,0.0,0.8453965160776789,68,0.0,0.0,0.0,0.0,0.8545450314478324,68,0.0,0.0,0.0,0.014705882352941176,0.8696137017926217,68,0.0,0.0,0.0,0.014705882352941176,0.8696137017926217,68,0.0,0.0,0.0,0.22102755552987322,68,68,0,0.05,0.0,0.0,0.0,0.22102755552987322,68,0.014705882352941176,1,735.0,inf,0.8696137017926217,815.8890959657431,0.352,2000,16,84,0.1280676576916916,506.11427450180054,6.025169934545245,real6d,gp_ts,6,6,,
posthoc,0.0,0.0,0.0,0.0,0.8583841898346177,68,0.014705882352941176,0.014705882352941176,0.014705882352941176,0.0,0.8583841898346177,68,0.0,0.0,0.0,0.014705882352941176,0.8666604087355188,68,0.014705882352941176,0.014705882352941176,0.014705882352941176,0.04411764705882353,0.8862019456877531,68,0.014705882352941176,0.014705882352941176,0.014705882352941176,0.23714457778467424,68,68,1,0.05,0.014705882352941176,0.014705882352941176,0.014705882352941176,0.23714457778467424,68,0.04411764705882353,3,560.0,inf,0.8862019456877531,822.7321433288164,0.383,2000,16,84,0.1299301922825939,450.02299189567566,5.357416570186615,real6d,gp_ts,7,6,,
posthoc,0.014705882352941176,0.014705882352941176,0.014705882352941176,0.014705882352941176,0.8825112735982985,68,0.014705882352941176,0.014705882352941176,0.014705882352941176,0.014705882352941176,0.8825112735982985,68,0.029411764705882353,0.029411764705882353,0.029411764705882353,0.014705882352941176,0.8825112735982985,68,0.0,0.0,0.0,0.014705882352941176,0.8825112735982985,68,0.0,0.0,0.0,0.17972874818627615,68,68,0,0.05,0.0,0.0,0.0,0.17972874818627615,68,0.014705882352941176,1,221.0,inf,0.8825112735982985,816.663185236556,0.349,2000,16,84,0.12882840189523437,492.1195993423462,5.8585666588374545,real6d,gp_ts,8,6,,
posthoc,0.014705882352941176,0.014705882352941176,0.014705882352941176,0.0,0.8849668193642023,68,0.029411764705882353,0.029411764705882353,0.029411764705882353,0.0,0.9163901834258901,68,0.04411764705882353,0.04411764705882353,0.04411764705882353,0.014705882352941176,0.9163901834258901,68,0.04411764705882353,0.04411764705882353,0.04411764705882353,0.014705882352941176,0.9163901834258901,68,0.04411764705882353,0.04411764705882353,0.04411764705882353,0.18243361798156668,68,68,3,0.05,0.04411764705882353,0.04411764705882353,0.04411764705882353,0.18243361798156668,68,0.014705882352941176,1,974.0,inf,0.9163901834258901,829.2196775026746,0.364,2000,16,84,0.12803312430965738,437.5590889453888,5.20903677315939,real6d,gp_ts,9,6,,
method,0.0,0.0,0.0,0.0,0.8569191673032132,1,0.0,0.0,0.0,0.0,0.8569191673032132,3,0.0,0.0,0.0,0.0,0.898736143523226,8,0.0,0.0,0.0,0.0,0.898736143523226,17,0.0,0.0,0.0,0.42749883939397365,17,68,0,0.05,0.014705882352941176,0.014705882352941176,0.014705882352941176,0.2168570024562182,68,0.0,0,inf,inf,0.898736143523226,64.63065623813621,0.364,2000,16,84,0.128355012151495,5316.228068351746,63.28842938513983,real6d,zombihop,4,6,,0.014705882352941176
method,0.0,0.0,0.0,0.0,0.8618995611175683,1,0.014705882352941176,0.3333333333333333,0.028169014084507043,0.0,0.8907726397735104,3,0.014705882352941176,0.16666666666666666,0.02702702702702703,0.0,0.8907726397735104,6,0.029411764705882353,0.14285714285714285,0.04878048780487805,0.0,0.8907726397735104,14,0.029411764705882353,0.14285714285714285,0.04878048780487805,0.4326526671380013,14,68,2,0.05,0.029411764705882353,0.029411764705882353,0.029411764705882353,0.25780112736328287,68,0.0,0,inf,inf,0.8907726397735104,61.80346437151684,0.368,2000,16,84,0.12988886094276744,5443.574243307114,64.80445527746564,real6d,zombihop,3,6,,0.029411764705882353
method,0.0,0.0,0.0,0.0,0.8467838534725963,1,0.0,0.0,0.0,0.0,0.8524545267311011,3,0.0,0.0,0.0,0.0,0.8524545267311011,6,0.0,0.0,0.0,0.014705882352941176,0.8664322150608104,13,0.0,0.0,0.0,0.44107581083352665,13,68,0,0.05,0.014705882352941176,0.014705882352941176,0.014705882352941176,0.23233716037323737,68,0.014705882352941176,1,1653.0,inf,0.8664322150608104,62.15807489853043,0.3855,2000,16,84,0.12993113624953934,5707.110892534256,67.94179633969352,real6d,zombihop,2,6,,0.0
method,0.0,0.0,0.0,0.014705882352941176,0.8572937078975016,1,0.0,0.0,0.0,0.014705882352941176,0.8572937078975016,3,0.0,0.0,0.0,0.014705882352941176,0.8939393377304345,8,0.014705882352941176,0.0625,0.023809523809523808,0.029411764705882353,0.907080218159304,16,0.014705882352941176,0.0625,0.023809523809523808,0.4333335063615909,16,68,1,0.05,0.04411764705882353,0.04411764705882353,0.04411764705882353,0.2525413111176059,68,0.029411764705882353,2,219.0,inf,0.907080218159304,65.55352156391805,0.3835,2000,16,84,0.12938778539399112,5853.259354829788,69.68165898606891,real6d,zombihop,1,6,,0.014705882352941176
method,0.0,0.0,0.0,0.0,0.8603794789313762,1,0.0,0.0,0.0,0.0,0.8760330202751002,3,0.0,0.0,0.0,0.0,0.8760330202751002,8,0.0,0.0,0.0,0.0,0.8760330202751002,16,0.0,0.0,0.0,0.4256813708240659,16,68,0,0.05,0.014705882352941176,0.014705882352941176,0.014705882352941176,0.22235421461232963,68,0.0,0,inf,inf,0.8760330202751002,62.11628594824086,0.4285,2000,16,84,0.12611680164911623,6374.051748752594,75.88156843753089,real6d,zombihop,0,6,,0.014705882352941176
method,0.0,0.0,0.0,0.0,0.8555790179292704,1,0.0,0.0,0.0,0.0,0.8555790179292704,3,0.0,0.0,0.0,0.0,0.887272121428125,6,0.0,0.0,0.0,0.0,0.887272121428125,14,0.0,0.0,0.0,0.43524377985860213,14,68,0,0.05,0.0,0.0,0.0,0.24514774992672414,68,0.0,0,inf,inf,0.887272121428125,62.87765948917958,0.392,2000,16,84,0.12533025020375757,3756.6838557720184,44.72242685442879,real6d,zombihop,5,6,,0.0
method,0.014705882352941176,1.0,0.028985507246376812,0.0,0.8872156912312901,1,0.014705882352941176,0.5,0.028571428571428574,0.0,0.9073088019100113,2,0.014705882352941176,0.14285714285714285,0.026666666666666665,0.0,0.9073088019100113,7,0.014705882352941176,0.07142857142857142,0.024390243902439025,0.0,0.9073088019100113,14,0.014705882352941176,0.07142857142857142,0.024390243902439025,0.4303325347277294,14,68,1,0.05,0.029411764705882353,0.029411764705882353,0.029411764705882353,0.21724834238946794,68,0.0,0,inf,inf,0.9073088019100113,60.897381261390755,0.339,2000,16,84,0.12928096042351353,3710.3180549144745,44.17045303469612,real6d,zombihop,7,6,,0.014705882352941176
method,0.0,0.0,0.0,0.0,0.8679801188665408,1,0.0,0.0,0.0,0.0,0.8679801188665408,4,0.0,0.0,0.0,0.0,0.8679801188665408,7,0.0,0.0,0.0,0.0,0.8679801188665408,15,0.0,0.0,0.0,0.4333995308542798,15,68,0,0.05,0.014705882352941176,0.014705882352941176,0.014705882352941176,0.22465141697466137,68,0.0,0,inf,inf,0.8679801188665408,62.51773661506746,0.399,2000,16,84,0.12690642397122462,3699.01335477829,44.03587327117012,real6d,zombihop,8,6,,0.0
method,0.0,0.0,0.0,0.0,0.843988317288918,1,0.0,0.0,0.0,0.0,0.843988317288918,3,0.0,0.0,0.0,0.0,0.863056441287194,7,0.0,0.0,0.0,0.0,0.8638488429385447,16,0.0,0.0,0.0,0.433476345627628,16,68,0,0.05,0.0,0.0,0.0,0.23187861063163856,68,0.0,0,inf,inf,0.8638488429385447,58.216825426030624,0.382,2000,16,84,0.1299506699618576,3655.992037296295,43.5237147297178,real6d,zombihop,9,6,,0.0
method,0.0,0.0,0.0,0.0,0.8722003429136912,1,0.0,0.0,0.0,0.014705882352941176,0.8904966089656645,4,0.0,0.0,0.0,0.014705882352941176,0.8904966089656645,8,0.014705882352941176,0.0625,0.023809523809523808,0.029411764705882353,0.8904966089656645,16,0.014705882352941176,0.0625,0.023809523809523808,0.4294787332751673,16,68,1,0.05,0.014705882352941176,0.014705882352941176,0.014705882352941176,0.2263313541612106,68,0.029411764705882353,2,360.0,inf,0.8904966089656645,61.24773513684576,0.382,2000,16,84,0.1294883516965605,4321.237455129623,51.44330303725742,real6d,zombihop,6,6,,0.014705882352941176
method,0.0,0.0,0.0,0.0,0.820129042219946,1,0.0,0.0,0.0,0.0,0.8501966878362143,3,0.0,0.0,0.0,0.0,0.8756816210921705,7,0.0,0.0,0.0,0.0,0.8756816210921705,11,0.0,0.0,0.0,0.45073099049557397,11,68,0,0.05,0.029411764705882353,0.029411764705882353,0.029411764705882353,0.21222503872911508,68,0.0,0,inf,inf,0.8756816210921705,60.10410859873613,0.3665,2000,16,84,0.1301144179285677,1874.0212819576263,22.309777166162217,real6d,zombihop_nc5,2,6,,0.0
method,0.0,0.0,0.0,0.0,0.8603794789313762,1,0.0,0.0,0.0,0.0,0.8758182999278623,3,0.0,0.0,0.0,0.0,0.8992749546565897,4,0.0,0.0,0.0,0.0,0.8992749546565897,9,0.0,0.0,0.0,0.4463780339821782,10,68,0,0.05,0.0,0.0,0.0,0.2285450667159806,68,0.0,0,inf,inf,0.8992749546565897,59.47902333005494,0.431,2000,16,84,0.12660732761706753,2308.0466895103455,27.47674630369459,real6d,zombihop_nc5,0,6,,0.0
method,0.0,0.0,0.0,0.0,0.8618995611175683,1,0.0,0.0,0.0,0.0,0.8797094216066454,1,0.0,0.0,0.0,0.0,0.8797094216066454,4,0.0,0.0,0.0,0.0,0.8797094216066454,8,0.0,0.0,0.0,0.4581831813958652,8,68,0,0.05,0.0,0.0,0.0,0.22137368951906422,68,0.0,0,inf,inf,0.8797094216066454,59.552530700291804,0.3775,2000,16,84,0.12853182928483123,2660.904198884964,31.677430939106713,real6d,zombihop_nc5,3,6,,0.0
method,0.0,0.0,0.0,0.0,0.842033035183807,1,0.0,0.0,0.0,0.0,0.842033035183807,3,0.0,0.0,0.0,0.0,0.8720876281773082,7,0.0,0.0,0.0,0.0,0.8720876281773082,15,0.0,0.0,0.0,0.435352337377926,15,68,0,0.05,0.0,0.0,0.0,0.24737774777088728,68,0.0,0,inf,inf,0.8720876281773082,60.60906027059259,0.3685,2000,16,84,0.12995989754906365,3394.0526907444,40.40538917552857,real6d,zombihop_nc5,1,6,,0.0
method,0.0,0.0,0.0,0.0,0.8534826628568999,1,0.0,0.0,0.0,0.0,0.8534826628568999,3,0.014705882352941176,0.14285714285714285,0.026666666666666665,0.014705882352941176,0.8756705695471608,7,0.014705882352941176,0.08333333333333333,0.025,0.014705882352941176,0.8794349691707083,12,0.014705882352941176,0.08333333333333333,0.025,0.44052756421875483,12,68,1,0.05,0.029411764705882353,0.029411764705882353,0.029411764705882353,0.21651855985435353,68,0.014705882352941176,1,780.0,inf,0.8794349691707083,64.08597088845818,0.4125,2000,16,84,0.12676663753224987,2930.4738924503326,34.88659395774206,real6d,zombihop_nc5,4,6,,0.014705882352941176
method,0.0,0.0,0.0,0.0,0.8555790179292704,1,0.0,0.0,0.0,0.0,0.8606542730890343,3,0.0,0.0,0.0,0.014705882352941176,0.8692313707242655,5,0.0,0.0,0.0,0.014705882352941176,0.8692313707242655,11,0.014705882352941176,0.08333333333333333,0.025,0.4381950101332076,12,68,1,0.05,0.014705882352941176,0.014705882352941176,0.014705882352941176,0.23178323031484596,68,0.014705882352941176,1,881.0,inf,0.8692313707242655,60.2314255303982,0.397,2000,16,84,0.12596293430800204,3058.1605224609375,36.40667288643973,real6d,zombihop_nc5,5,6,,0.0
method,0.0,0.0,0.0,0.0,0.8722003429136912,1,0.0,0.0,0.0,0.0,0.8722003429136912,2,0.0,0.0,0.0,0.0,0.8722003429136912,5,0.014705882352941176,0.1,0.02564102564102564,0.0,0.8722003429136912,10,0.014705882352941176,0.09090909090909091,0.025316455696202528,0.43816260504796156,11,68,1,0.05,0.058823529411764705,0.058823529411764705,0.058823529411764705,0.20698476237987912,68,0.0,0,inf,inf,0.8722003429136912,58.859639661066424,0.3475,2000,16,84,0.12974219805557413,3220.251704454422,38.33632981493359,real6d,zombihop_nc5,6,6,,0.04411764705882353
method,0.014705882352941176,1.0,0.028985507246376812,0.0,0.8872156912312901,1,0.014705882352941176,0.5,0.028571428571428574,0.014705882352941176,0.8944106068133975,2,0.029411764705882353,0.4,0.0547945205479452,0.014705882352941176,0.8944106068133975,5,0.029411764705882353,0.25,0.05263157894736842,0.014705882352941176,0.8944106068133975,8,0.029411764705882353,0.25,0.05263157894736842,0.45128159478471247,8,68,2,0.05,0.058823529411764705,0.058823529411764705,0.058823529411764705,0.21539201189629004,68,0.014705882352941176,1,266.0,inf,0.8944106068133975,58.97534844062727,0.366,2000,16,84,0.12991325101866505,2676.1193549633026,31.858563749563125,real6d,zombihop_nc5,7,6,,0.014705882352941176
method,0.0,0.0,0.0,0.0,0.8679801188665408,1,0.0,0.0,0.0,0.0,0.8679801188665408,1,0.0,0.0,0.0,0.0,0.8679801188665408,5,0.0,0.0,0.0,0.0,0.8724809355804496,11,0.0,0.0,0.0,0.44931312003191737,11,68,0,0.05,0.0,0.0,0.0,0.22926987381271785,68,0.0,0,inf,inf,0.8724809355804496,57.116155520205794,0.391,2000,16,84,0.1279647846481232,3142.250952243805,37.40774943147387,real6d,zombihop_nc5,8,6,,0.0
method,0.0,0.0,0.0,0.0,0.843988317288918,1,0.0,0.0,0.0,0.0,0.8499910321184526,2,0.0,0.0,0.0,0.0,0.8499910321184526,6,0.0,0.0,0.0,0.0,0.868217007440019,13,0.0,0.0,0.0,0.4357122361618328,13,68,0,0.05,0.014705882352941176,0.014705882352941176,0.014705882352941176,0.24112398257961884,68,0.0,0,inf,inf,0.868217007440019,62.1841751642402,0.4185,2000,16,84,0.13007407320196263,3864.346098423004,46.00412021932148,real6d,zombihop_nc5,9,6,,0.0
