declared_source,peak_ratio@250,precision@250,f1@250,reached_ratio@250,best_y@250,n_declared@250,peak_ratio@500,precision@500,f1@500,reached_ratio@500,best_y@500,n_declared@500,peak_ratio@1000,precision@1000,f1@1000,reached_ratio@1000,best_y@1000,n_declared@1000,peak_ratio@2000,precision@2000,f1@2000,reached_ratio@2000,best_y@2000,n_declared@2000,peak_ratio,precision,f1,dist_to_needles,n_declared,n_true_optima,n_matched,match_radius,posthoc_peak_ratio,posthoc_precision,posthoc_f1,posthoc_dist_to_needles,posthoc_n_declared,reached_ratio_final,n_reached,t_first_optimum,t_half_optima,best_y,input_cost,dup_fraction,n_samples,n_truncated,n_batches,realized_noise_std,wall_s,s_per_decision,objective,optimizer,seed,dim,error,posthoc_peak_ratio_at_n_declared
posthoc,0.5714285714285714,0.5714285714285714,0.5714285714285714,0.35714285714285715,0.7267059646738929,14,0.5,0.5,0.5,0.7142857142857143,0.7267059646738929,14,0.5714285714285714,0.5714285714285714,0.5714285714285714,0.9285714285714286,0.7336163091732382,14,0.42857142857142855,0.42857142857142855,0.42857142857142855,1.0,0.757882907674936,14,0.42857142857142855,0.42857142857142855,0.42857142857142855,0.08785512931960542,14,14,6,0.05,0.42857142857142855,0.42857142857142855,0.42857142857142855,0.08785512931960542,14,1.0,14,7.0,89.0,0.757882907674936,1005.0882854457096,1.0,2000,16,84,0.12538768820878787,1.1865098476409912,0.014125117233821325,real3d,random,0,3,,
posthoc,0.35714285714285715,0.35714285714285715,0.35714285714285715,0.5714285714285714,0.7667350901487432,14,0.5,0.5,0.5,0.8571428571428571,0.7667350901487432,14,0.42857142857142855,0.42857142857142855,0.42857142857142855,0.9285714285714286,0.7667350901487432,14,0.42857142857142855,0.42857142857142855,0.42857142857142855,1.0,0.7667350901487432,14,0.42857142857142855,0.42857142857142855,0.42857142857142855,0.10917534139508446,14,14,6,0.05,0.42857142857142855,0.42857142857142855,0.42857142857142855,0.10917534139508446,14,1.0,14,5.0,150.0,0.7667350901487432,1010.7479918382785,1.0,2000,16,84,0.1263691844664732,1.3647077083587646,0.01624652033760434,real3d,random,1,3,,
posthoc,0.2857142857142857,0.2857142857142857,0.2857142857142857,0.42857142857142855,0.7261834334136048,14,0.35714285714285715,0.35714285714285715,0.35714285714285715,0.7857142857142857,0.7541000347420942,14,0.35714285714285715,0.35714285714285715,0.35714285714285715,0.8571428571428571,0.7541000347420942,14,0.42857142857142855,0.42857142857142855,0.42857142857142855,0.9285714285714286,0.7541000347420942,14,0.42857142857142855,0.42857142857142855,0.42857142857142855,0.07827569200123448,14,14,6,0.05,0.42857142857142855,0.42857142857142855,0.42857142857142855,0.07827569200123448,14,0.9285714285714286,13,4.0,252.0,0.7541000347420942,973.9041367836905,1.0,2000,16,84,0.12645019644383035,1.3891232013702393,0.016537180968693325,real3d,random,2,3,,
posthoc,0.5,0.5,0.5,0.7142857142857143,0.7458296534749007,14,0.6428571428571429,0.6428571428571429,0.6428571428571429,1.0,0.7677706678137188,14,0.6428571428571429,0.6428571428571429,0.6428571428571429,1.0,0.7677706678137188,14,0.5714285714285714,0.5714285714285714,0.5714285714285714,1.0,0.7677706678137188,14,0.5714285714285714,0.5714285714285714,0.5714285714285714,0.0693598029893023,14,14,8,0.05,0.5714285714285714,0.5714285714285714,0.5714285714285714,0.0693598029893023,14,1.0,14,11.0,55.0,0.7677706678137188,980.0854949402906,1.0,2000,16,84,0.12626693408856546,1.3333251476287842,0.015872918424152192,real3d,random,3,3,,
posthoc,0.35714285714285715,0.35714285714285715,0.35714285714285715,0.7142857142857143,0.7380624902296384,14,0.5714285714285714,0.5714285714285714,0.5714285714285714,1.0,0.7380624902296384,14,0.6428571428571429,0.6428571428571429,0.6428571428571429,1.0,0.7382833842447977,14,0.6428571428571429,0.6428571428571429,0.6428571428571429,1.0,0.7455550109035554,14,0.6428571428571429,0.6428571428571429,0.6428571428571429,0.08271545682667034,14,14,9,0.05,0.6428571428571429,0.6428571428571429,0.6428571428571429,0.08271545682667034,14,1.0,14,16.0,160.0,0.7455550109035554,988.6636663930041,1.0,2000,16,84,0.12492119745141418,1.0699145793914795,0.012737078326089042,real3d,random,4,3,,
posthoc,0.42857142857142855,0.42857142857142855,0.42857142857142855,0.6428571428571429,0.7387292382536333,14,0.5,0.5,0.5,0.8571428571428571,0.7410628287810562,14,0.7142857142857143,0.7142857142857143,0.7142857142857143,1.0,0.7410628287810562,14,0.5714285714285714,0.5714285714285714,0.5714285714285714,1.0,0.7603911485654244,14,0.5714285714285714,0.5714285714285714,0.5714285714285714,0.08587090617729679,14,14,8,0.05,0.5714285714285714,0.5714285714285714,0.5714285714285714,0.08587090617729679,14,1.0,14,11.0,165.0,0.7603911485654244,1008.0015874001082,1.0,2000,16,84,0.12713930727058,1.062570333480835,0.012649646827152796,real3d,random,5,3,,
posthoc,0.5714285714285714,0.5714285714285714,0.5714285714285714,0.6428571428571429,0.7642338520634564,14,0.5714285714285714,0.5714285714285714,0.5714285714285714,1.0,0.7642338520634564,14,0.6428571428571429,0.6428571428571429,0.6428571428571429,1.0,0.7642338520634564,14,0.7142857142857143,0.7142857142857143,0.7142857142857143,1.0,0.7642338520634564,14,0.7142857142857143,0.7142857142857143,0.7142857142857143,0.0517003604321592,14,14,10,0.05,0.7142857142857143,0.7142857142857143,0.7142857142857143,0.0517003604321592,14,1.0,14,1.0,109.0,0.7642338520634564,1011.8086706904744,1.0,2000,16,84,0.12942980936584952,1.2114224433898926,0.014421695754641578,real3d,random,6,3,,
posthoc,0.6428571428571429,0.6428571428571429,0.6428571428571429,0.6428571428571429,0.749940896173084,14,0.6428571428571429,0.6428571428571429,0.6428571428571429,0.8571428571428571,0.7682447366354805,14,0.5714285714285714,0.5714285714285714,0.5714285714285714,0.9285714285714286,0.7682447366354805,14,0.7142857142857143,0.7142857142857143,0.7142857142857143,1.0,0.7682447366354805,14,0.7142857142857143,0.7142857142857143,0.7142857142857143,0.08216143128598151,14,14,10,0.05,0.7142857142857143,0.7142857142857143,0.7142857142857143,0.08216143128598151,14,1.0,14,5.0,127.0,0.7682447366354805,1004.1706891586975,1.0,2000,16,84,0.12801006056626246,1.2679190635681152,0.015094274566287086,real3d,random,7,3,,
posthoc,0.35714285714285715,0.35714285714285715,0.35714285714285715,0.6428571428571429,0.723216719236848,14,0.5,0.5,0.5,0.9285714285714286,0.7665463097754617,14,0.6428571428571429,0.6428571428571429,0.6428571428571429,0.9285714285714286,0.7665463097754617,14,0.5714285714285714,0.5714285714285714,0.5714285714285714,1.0,0.7665463097754617,14,0.5714285714285714,0.5714285714285714,0.5714285714285714,0.08684415764593402,14,14,8,0.05,0.5714285714285714,0.5714285714285714,0.5714285714285714,0.08684415764593402,14,1.0,14,13.0,159.0,0.7665463097754617,1020.6666289016293,1.0,2000,16,84,0.12530401980028757,1.3583402633666992,0.016170717421032134,real3d,random,8,3,,
posthoc,0.42857142857142855,0.42857142857142855,0.42857142857142855,0.6428571428571429,0.7548681639166298,14,0.42857142857142855,0.42857142857142855,0.42857142857142855,0.7142857142857143,0.7548681639166298,14,0.6428571428571429,0.6428571428571429,0.6428571428571429,0.8571428571428571,0.7592229126214486,14,0.5,0.5,0.5,1.0,0.7592229126214486,14,0.5,0.5,0.5,0.09088125705458595,14,14,7,0.05,0.5,0.5,0.5,0.09088125705458595,14,1.0,14,12.0,111.0,0.7592229126214486,998.8567414782283,1.0,2000,16,84,0.12604462916467546,1.193673849105835,0.014210402965545654,real3d,random,9,3,,
posthoc,0.35714285714285715,0.35714285714285715,0.35714285714285715,0.5,0.7401226841317282,14,0.5714285714285714,0.5714285714285714,0.5714285714285714,0.7142857142857143,0.7513564500294331,14,0.5714285714285714,0.5714285714285714,0.5714285714285714,0.9285714285714286,0.7513564500294331,14,0.6428571428571429,0.6428571428571429,0.6428571428571429,0.9285714285714286,0.7588161464213372,14,0.6428571428571429,0.6428571428571429,0.6428571428571429,0.18249986617702652,14,14,9,0.05,0.6428571428571429,0.6428571428571429,0.6428571428571429,0.18249986617702652,14,0.9285714285714286,13,5.0,88.0,0.7588161464213372,1415.9140166726252,0.9995,2000,16,84,0.11071890350527674,2598.996313095093,30.940432298751105,real3d,gp_qucb,1,3,,
posthoc,0.42857142857142855,0.42857142857142855,0.42857142857142855,0.42857142857142855,0.7377199693822101,14,0.42857142857142855,0.42857142857142855,0.42857142857142855,0.6428571428571429,0.7418379741674762,14,0.42857142857142855,0.42857142857142855,0.42857142857142855,0.7142857142857143,0.7418379741674762,14,0.35714285714285715,0.35714285714285715,0.35714285714285715,0.9285714285714286,0.7418379741674762,14,0.35714285714285715,0.35714285714285715,0.35714285714285715,0.12719295999376912,14,14,5,0.05,0.35714285714285715,0.35714285714285715,0.35714285714285715,0.12719295999376912,14,0.9285714285714286,13,4.0,190.0,0.7418379741674762,1477.1087230818734,1.0,2000,16,84,0.11032122241878954,2599.813718557358,30.95016331615902,real3d,gp_qucb,2,3,,
posthoc,0.5,0.5,0.5,0.7857142857142857,0.7449965490244138,14,0.5,0.5,0.5,0.8571428571428571,0.746922834405337,14,0.6428571428571429,0.6428571428571429,0.6428571428571429,0.8571428571428571,0.746922834405337,14,0.6428571428571429,0.6428571428571429,0.6428571428571429,0.9285714285714286,0.7590075515489307,14,0.6428571428571429,0.6428571428571429,0.6428571428571429,0.10956778295533601,14,14,9,0.05,0.6428571428571429,0.6428571428571429,0.6428571428571429,0.10956778295533601,14,0.9285714285714286,13,6.0,52.0,0.7590075515489307,1493.645365853053,1.0,2000,16,84,0.1105499987837773,2592.8194041252136,30.866897668157304,real3d,gp_qucb,3,3,,
posthoc,0.6428571428571429,0.6428571428571429,0.6428571428571429,0.5714285714285714,0.743554553085161,14,0.7142857142857143,0.7142857142857143,0.7142857142857143,0.5714285714285714,0.743554553085161,14,0.6428571428571429,0.6428571428571429,0.6428571428571429,0.7142857142857143,0.743554553085161,14,0.5,0.5,0.5,0.8571428571428571,0.7664514900597179,14,0.5,0.5,0.5,0.12973146197157906,14,14,7,0.05,0.5,0.5,0.5,0.12973146197157906,14,0.8571428571428571,12,7.0,57.0,0.7664514900597179,1486.6590692345071,1.0,2000,16,84,0.1095698553379364,2645.6702148914337,31.49607398680278,real3d,gp_qucb,0,3,,
posthoc,0.42857142857142855,0.42857142857142855,0.42857142857142855,0.5714285714285714,0.7665592104703904,14,0.42857142857142855,0.42857142857142855,0.42857142857142855,0.6428571428571429,0.7665592104703904,14,0.35714285714285715,0.35714285714285715,0.35714285714285715,0.7142857142857143,0.7665592104703904,14,0.42857142857142855,0.42857142857142855,0.42857142857142855,0.9285714285714286,0.7665592104703904,14,0.42857142857142855,0.42857142857142855,0.42857142857142855,0.10504972528114587,14,14,6,0.05,0.42857142857142855,0.42857142857142855,0.42857142857142855,0.10504972528114587,14,0.9285714285714286,13,16.0,151.0,0.7665592104703904,1458.6839689319645,1.0,2000,16,84,0.10813773808711141,2608.578677892685,31.054508070151012,real3d,gp_qucb,4,3,,
posthoc,0.35714285714285715,0.35714285714285715,0.35714285714285715,0.5,0.7362496937841033,14,0.2857142857142857,0.2857142857142857,0.2857142857142857,0.6428571428571429,0.7394524122870203,14,0.2857142857142857,0.2857142857142857,0.2857142857142857,0.7857142857142857,0.7539774445813283,14,0.42857142857142855,0.42857142857142855,0.42857142857142855,0.9285714285714286,0.7539774445813283,14,0.42857142857142855,0.42857142857142855,0.42857142857142855,0.147450576228703,14,14,6,0.05,0.42857142857142855,0.42857142857142855,0.42857142857142855,0.147450576228703,14,0.9285714285714286,13,11.0,134.0,0.7539774445813283,1505.2012675991273,1.0,2000,16,84,0.11284236404636777,2114.5680561065674,25.173429239363898,real3d,gp_qucb,5,3,,
posthoc,0.42857142857142855,0.42857142857142855,0.42857142857142855,0.6428571428571429,0.7156161513596058,14,0.7142857142857143,0.7142857142857143,0.7142857142857143,0.7857142857142857,0.7261530329556778,14,0.6428571428571429,0.6428571428571429,0.6428571428571429,0.8571428571428571,0.7389862267675321,14,0.7142857142857143,0.7142857142857143,0.7142857142857143,1.0,0.7522303981790165,14,0.7142857142857143,0.7142857142857143,0.7142857142857143,0.10153191776309457,14,14,10,0.05,0.7142857142857143,0.7142857142857143,0.7142857142857143,0.10153191776309457,14,1.0,14,5.0,84.0,0.7522303981790165,1467.8342511251158,1.0,2000,16,84,0.11307311096861904,2144.156656265259,25.525674479348318,real3d,gp_qucb,7,3,,
posthoc,0.7142857142857143,0.7142857142857143,0.7142857142857143,0.6428571428571429,0.7295867525053726,14,0.42857142857142855,0.42857142857142855,0.42857142857142855,0.7142857142857143,0.7384882401170967,14,0.6428571428571429,0.6428571428571429,0.6428571428571429,0.7857142857142857,0.7384882401170967,14,0.5714285714285714,0.5714285714285714,0.5714285714285714,1.0,0.7384882401170967,14,0.5714285714285714,0.5714285714285714,0.5714285714285714,0.12161572681813888,14,14,8,0.05,0.5714285714285714,0.5714285714285714,0.5714285714285714,0.12161572681813888,14,1.0,14,1.0,73.0,0.7384882401170967,1471.9687687229384,1.0,2000,16,84,0.11276172949612183,2144.711219072342,25.53227641752788,real3d,gp_qucb,6,3,,
posthoc,0.2857142857142857,0.2857142857142857,0.2857142857142857,0.42857142857142855,0.7401227164188755,14,0.35714285714285715,0.35714285714285715,0.35714285714285715,0.7142857142857143,0.7405910321062095,14,0.5,0.5,0.5,0.7857142857142857,0.7619445280007714,14,0.5714285714285714,0.5714285714285714,0.5714285714285714,0.8571428571428571,0.7619445280007714,14,0.5714285714285714,0.5714285714285714,0.5714285714285714,0.1312360830405702,14,14,8,0.05,0.5714285714285714,0.5714285714285714,0.5714285714285714,0.1312360830405702,14,0.8571428571428571,12,12.0,213.0,0.7619445280007714,1515.8263758420921,1.0,2000,16,84,0.11184550680865334,2120.054186820984,25.238740319297428,real3d,gp_qucb,9,3,,
posthoc,0.35714285714285715,0.35714285714285715,0.35714285714285715,0.42857142857142855,0.736216287219692,14,0.42857142857142855,0.42857142857142855,0.42857142857142855,0.5714285714285714,0.7507642882050637,14,0.5,0.5,0.5,0.7142857142857143,0.7507642882050637,14,0.5714285714285714,0.5714285714285714,0.5714285714285714,0.8571428571428571,0.764891331873119,14,0.5714285714285714,0.5714285714285714,0.5714285714285714,0.10555350116263043,14,14,8,0.05,0.5714285714285714,0.5714285714285714,0.5714285714285714,0.10555350116263043,14,0.7857142857142857,12,13.0,448.0,0.764891331873119,1438.6559702984766,1.0,2000,16,84,0.11034606263993518,2166.5904936790466,25.792743972369603,real3d,gp_qucb,8,3,,
posthoc,0.7857142857142857,0.7857142857142857,0.7857142857142857,0.7857142857142857,0.7479123309549928,14,0.7142857142857143,0.7142857142857143,0.7142857142857143,0.9285714285714286,0.7479123309549928,14,0.7142857142857143,0.7142857142857143,0.7142857142857143,0.8571428571428571,0.7479123309549928,14,0.5714285714285714,0.5714285714285714,0.5714285714285714,0.9285714285714286,0.7575556354743362,14,0.5714285714285714,0.5714285714285714,0.5714285714285714,0.10931421076663435,14,14,8,0.05,0.5714285714285714,0.5714285714285714,0.5714285714285714,0.10931421076663435,14,0.9285714285714286,13,7.0,73.0,0.7575556354743362,1127.6941922219933,1.0,2000,16,84,0.11170422037050999,1978.6901721954346,23.555835383278982,real3d,gp_qlogei,0,3,,
posthoc,0.5,0.5,0.5,0.7857142857142857,0.7448673939987207,14,0.5,0.5,0.5,0.7857142857142857,0.7488511731203109,14,0.5,0.5,0.5,0.7142857142857143,0.7488511731203109,14,0.6428571428571429,0.6428571428571429,0.6428571428571429,0.9285714285714286,0.7640971932066039,14,0.6428571428571429,0.6428571428571429,0.6428571428571429,0.11262680938356288,14,14,9,0.05,0.6428571428571429,0.6428571428571429,0.6428571428571429,0.11262680938356288,14,0.9285714285714286,13,11.0,123.0,0.7640971932066039,922.271745592345,1.0,2000,16,84,0.11209283697327112,1936.937471628189,23.058779424145108,real3d,gp_qlogei,3,3,,
posthoc,0.5714285714285714,0.5714285714285714,0.5714285714285714,0.35714285714285715,0.7356022640147141,14,0.5714285714285714,0.5714285714285714,0.5714285714285714,0.6428571428571429,0.7426899522417609,14,0.5,0.5,0.5,0.7142857142857143,0.7628112923634108,14,0.6428571428571429,0.6428571428571429,0.6428571428571429,0.8571428571428571,0.7628112923634108,14,0.6428571428571429,0.6428571428571429,0.6428571428571429,0.0664393376336845,14,14,9,0.05,0.6428571428571429,0.6428571428571429,0.6428571428571429,0.0664393376336845,14,0.8571428571428571,12,5.0,73.0,0.7628112923634108,1165.524474187562,1.0,2000,16,84,0.11224045657626369,1982.6225447654724,23.6026493424461,real3d,gp_qlogei,1,3,,
posthoc,0.5,0.5,0.5,0.42857142857142855,0.7475216636630104,14,0.6428571428571429,0.6428571428571429,0.6428571428571429,0.6428571428571429,0.7550048366585332,14,0.6428571428571429,0.6428571428571429,0.6428571428571429,0.9285714285714286,0.7550048366585332,14,0.6428571428571429,0.6428571428571429,0.6428571428571429,0.9285714285714286,0.7651007382628479,14,0.6428571428571429,0.6428571428571429,0.6428571428571429,0.12514721051259242,14,14,9,0.05,0.6428571428571429,0.6428571428571429,0.6428571428571429,0.12514721051259242,14,0.9285714285714286,13,4.0,129.0,0.7651007382628479,1146.2114036313346,1.0,2000,16,84,0.11599358950417862,1997.2171490192413,23.776394631181443,real3d,gp_qlogei,2,3,,
posthoc,0.5,0.5,0.5,0.42857142857142855,0.7367606342143871,14,0.5,0.5,0.5,0.5714285714285714,0.7367606342143871,14,0.42857142857142855,0.42857142857142855,0.42857142857142855,0.6428571428571429,0.7367606342143871,14,0.42857142857142855,0.42857142857142855,0.42857142857142855,0.7857142857142857,0.7416891026771554,14,0.42857142857142855,0.42857142857142855,0.42857142857142855,0.11167019422863719,14,14,6,0.05,0.42857142857142855,0.42857142857142855,0.42857142857142855,0.11167019422863719,14,0.7857142857142857,11,16.0,388.0,0.7416891026771554,1133.1930592774052,1.0,2000,16,84,0.11043388289949452,1976.4339356422424,23.52897542431241,real3d,gp_qlogei,4,3,,
posthoc,0.2857142857142857,0.2857142857142857,0.2857142857142857,0.6428571428571429,0.7607937662099415,14,0.2857142857142857,0.2857142857142857,0.2857142857142857,0.7142857142857143,0.7607937662099415,14,0.35714285714285715,0.35714285714285715,0.35714285714285715,0.7142857142857143,0.7607937662099415,14,0.42857142857142855,0.42857142857142855,0.42857142857142855,0.9285714285714286,0.7635795975314333,14,0.42857142857142855,0.42857142857142855,0.42857142857142855,0.1488213877432205,14,14,6,0.05,0.42857142857142855,0.42857142857142855,0.42857142857142855,0.1488213877432205,14,0.9285714285714286,13,11.0,134.0,0.7635795975314333,942.5823507255095,1.0,2000,16,84,0.1144196206478411,1946.1483461856842,23.168432692686718,real3d,gp_qlogei,5,3,,
posthoc,0.35714285714285715,0.35714285714285715,0.35714285714285715,0.35714285714285715,0.7260940435134438,14,0.42857142857142855,0.42857142857142855,0.42857142857142855,0.5714285714285714,0.7416331317616582,14,0.35714285714285715,0.35714285714285715,0.35714285714285715,0.7857142857142857,0.7416331317616582,14,0.42857142857142855,0.42857142857142855,0.42857142857142855,0.9285714285714286,0.7495530046803682,14,0.42857142857142855,0.42857142857142855,0.42857142857142855,0.1237330098945006,14,14,6,0.05,0.42857142857142855,0.42857142857142855,0.42857142857142855,0.1237330098945006,14,0.9285714285714286,13,5.0,84.0,0.7495530046803682,1114.106916648173,1.0,2000,16,84,0.11438274230218756,1915.4124116897583,22.802528710592362,real3d,gp_qlogei,7,3,,
posthoc,0.21428571428571427,0.21428571428571427,0.21428571428571427,0.42857142857142855,0.7313808343925158,14,0.2857142857142857,0.2857142857142857,0.2857142857142857,0.6428571428571429,0.7659303112011785,14,0.42857142857142855,0.42857142857142855,0.42857142857142855,0.7857142857142857,0.7659303112011785,14,0.42857142857142855,0.42857142857142855,0.42857142857142855,0.7857142857142857,0.7659303112011785,14,0.42857142857142855,0.42857142857142855,0.42857142857142855,0.15916666485189973,14,14,6,0.05,0.42857142857142855,0.42857142857142855,0.42857142857142855,0.15916666485189973,14,0.7857142857142857,11,13.0,318.0,0.7659303112011785,1083.9368579458578,1.0,2000,16,84,0.11214404856576787,1896.3379690647125,22.57545201267515,real3d,gp_qlogei,8,3,,
posthoc,0.42857142857142855,0.42857142857142855,0.42857142857142855,0.5,0.7361861807675334,14,0.42857142857142855,0.42857142857142855,0.42857142857142855,0.6428571428571429,0.7501758001820629,14,0.6428571428571429,0.6428571428571429,0.6428571428571429,0.7857142857142857,0.7501758001820629,14,0.6428571428571429,0.6428571428571429,0.6428571428571429,0.9285714285714286,0.7501758001820629,14,0.6428571428571429,0.6428571428571429,0.6428571428571429,0.11543875469040106,14,14,9,0.05,0.6428571428571429,0.6428571428571429,0.6428571428571429,0.11543875469040106,14,0.9285714285714286,13,1.0,107.0,0.7501758001820629,1160.2291109935554,1.0,2000,16,84,0.11450618220741852,2006.0889728069305,23.882011581034888,real3d,gp_qlogei,6,3,,
posthoc,0.5,0.5,0.5,0.5714285714285714,0.7514111000163675,14,0.5714285714285714,0.5714285714285714,0.5714285714285714,0.7142857142857143,0.7654335620896208,14,0.5714285714285714,0.5714285714285714,0.5714285714285714,0.8571428571428571,0.7654335620896208,14,0.6428571428571429,0.6428571428571429,0.6428571428571429,0.8571428571428571,0.7655768946902046,14,0.6428571428571429,0.6428571428571429,0.6428571428571429,0.11823815505289832,14,14,9,0.05,0.6428571428571429,0.6428571428571429,0.6428571428571429,0.11823815505289832,14,0.8571428571428571,12,12.0,102.0,0.7655768946902046,1090.367229053586,0.9995,2000,16,84,0.11305279764430211,1966.0497617721558,23.40535430681138,real3d,gp_qlogei,9,3,,
posthoc,0.5714285714285714,0.5714285714285714,0.5714285714285714,0.42857142857142855,0.7472221218313309,14,0.5714285714285714,0.5714285714285714,0.5714285714285714,0.42857142857142855,0.7523537013804653,14,0.42857142857142855,0.42857142857142855,0.42857142857142855,0.5,0.7523537013804653,14,0.35714285714285715,0.35714285714285715,0.35714285714285715,0.5,0.7681500256460316,14,0.35714285714285715,0.35714285714285715,0.35714285714285715,0.15415447914956273,14,14,5,0.05,0.35714285714285715,0.35714285714285715,0.35714285714285715,0.15415447914956273,14,0.5,7,26.0,760.0,0.7681500256460316,309.89229521739014,0.9985,2000,16,84,0.11315580661108866,203.38004231452942,2.421190979934874,real3d,gp_ts,0,3,,
posthoc,0.42857142857142855,0.42857142857142855,0.42857142857142855,0.42857142857142855,0.7541592279028578,14,0.42857142857142855,0.42857142857142855,0.42857142857142855,0.5714285714285714,0.7541592279028578,14,0.5,0.5,0.5,0.5714285714285714,0.7663436262603358,14,0.5,0.5,0.5,0.5714285714285714,0.7663436262603358,14,0.5,0.5,0.5,0.15949771297809986,14,14,7,0.05,0.5,0.5,0.5,0.15949771297809986,14,0.5714285714285714,8,12.0,438.0,0.7663436262603358,388.03349423870884,0.999,2000,16,84,0.1119367850314274,205.6289484500885,2.447963672024863,real3d,gp_ts,2,3,,
posthoc,0.5,0.5,0.5,0.35714285714285715,0.7379733775630875,14,0.5714285714285714,0.5714285714285714,0.5714285714285714,0.42857142857142855,0.7472351622973844,14,0.5,0.5,0.5,0.6428571428571429,0.7670087588758068,14,0.6428571428571429,0.6428571428571429,0.6428571428571429,0.8571428571428571,0.7670087588758068,14,0.6428571428571429,0.6428571428571429,0.6428571428571429,0.13793302044292705,14,14,9,0.05,0.6428571428571429,0.6428571428571429,0.6428571428571429,0.13793302044292705,14,0.8571428571428571,12,19.0,597.0,0.7670087588758068,390.414373446178,0.996,2000,16,84,0.11434825823166349,216.35396122932434,2.5756423955871943,real3d,gp_ts,1,3,,
posthoc,0.42857142857142855,0.42857142857142855,0.42857142857142855,0.5714285714285714,0.7626628325941094,14,0.42857142857142855,0.42857142857142855,0.42857142857142855,0.5714285714285714,0.7626628325941094,14,0.6428571428571429,0.6428571428571429,0.6428571428571429,0.5714285714285714,0.7626628325941094,14,0.6428571428571429,0.6428571428571429,0.6428571428571429,0.6428571428571429,0.7684419865445596,14,0.6428571428571429,0.6428571428571429,0.6428571428571429,0.15534603624212043,14,14,9,0.05,0.6428571428571429,0.6428571428571429,0.6428571428571429,0.15534603624212043,14,0.6428571428571429,9,23.0,533.0,0.7684419865445596,316.9315139452402,0.9945,2000,16,84,0.1173923478380692,207.70286178588867,2.4726531164986745,real3d,gp_ts,3,3,,
posthoc,0.35714285714285715,0.35714285714285715,0.35714285714285715,0.5714285714285714,0.7498537300193282,14,0.2857142857142857,0.2857142857142857,0.2857142857142857,0.6428571428571429,0.7677129295815017,14,0.5,0.5,0.5,0.6428571428571429,0.7677129295815017,14,0.42857142857142855,0.42857142857142855,0.42857142857142855,0.7142857142857143,0.7681517177839934,14,0.42857142857142855,0.42857142857142855,0.42857142857142855,0.1426459355472114,14,14,6,0.05,0.42857142857142855,0.42857142857142855,0.42857142857142855,0.1426459355472114,14,0.7142857142857143,10,16.0,263.0,0.7681517177839934,392.49981633209893,0.997,2000,16,84,0.11410553047445311,214.92082858085632,2.558581292629242,real3d,gp_ts,4,3,,
posthoc,0.35714285714285715,0.35714285714285715,0.35714285714285715,0.5,0.7399419960394737,14,0.21428571428571427,0.21428571428571427,0.21428571428571427,0.6428571428571429,0.765075550906675,14,0.35714285714285715,0.35714285714285715,0.35714285714285715,0.6428571428571429,0.7680386820331133,14,0.5,0.5,0.5,0.7857142857142857,0.7681014722034492,14,0.5,0.5,0.5,0.16125426272355653,14,14,7,0.05,0.5,0.5,0.5,0.16125426272355653,14,0.7857142857142857,11,11.0,375.0,0.7681014722034492,336.1655441435362,0.9965,2000,16,84,0.11795165470085739,207.73326063156128,2.473015007518587,real3d,gp_ts,5,3,,
posthoc,0.42857142857142855,0.42857142857142855,0.42857142857142855,0.42857142857142855,0.7622860348149982,14,0.5,0.5,0.5,0.42857142857142855,0.7681721488807819,14,0.42857142857142855,0.42857142857142855,0.42857142857142855,0.6428571428571429,0.7681721488807819,14,0.5,0.5,0.5,0.6428571428571429,0.7681721488807819,14,0.5,0.5,0.5,0.12566436629098962,14,14,7,0.05,0.5,0.5,0.5,0.12566436629098962,14,0.6428571428571429,9,12.0,630.0,0.7681721488807819,383.0314536543467,0.9995,2000,16,84,0.1199474359223123,212.92653608322144,2.5348397152764455,real3d,gp_ts,6,3,,
posthoc,0.14285714285714285,0.14285714285714285,0.14285714285714285,0.5,0.7487855691700206,14,0.2857142857142857,0.2857142857142857,0.2857142857142857,0.5714285714285714,0.7487855691700206,14,0.42857142857142855,0.42857142857142855,0.42857142857142855,0.5714285714285714,0.7600817341101944,14,0.6428571428571429,0.6428571428571429,0.6428571428571429,0.6428571428571429,0.7660851111978227,14,0.6428571428571429,0.6428571428571429,0.6428571428571429,0.13530602643309944,14,14,9,0.05,0.6428571428571429,0.6428571428571429,0.6428571428571429,0.13530602643309944,14,0.6428571428571429,9,5.0,238.0,0.7660851111978227,354.7749655892883,0.996,2000,16,84,0.11697469342587993,221.53480339050293,2.6373190879821777,real3d,gp_ts,7,3,,
posthoc,0.35714285714285715,0.35714285714285715,0.35714285714285715,0.5,0.7632555389432341,14,0.2857142857142857,0.2857142857142857,0.2857142857142857,0.5,0.7632555389432341,14,0.35714285714285715,0.35714285714285715,0.35714285714285715,0.42857142857142855,0.7632555389432341,14,0.42857142857142855,0.42857142857142855,0.42857142857142855,0.5714285714285714,0.767906394368149,14,0.42857142857142855,0.42857142857142855,0.42857142857142855,0.17129022403129143,14,14,6,0.05,0.42857142857142855,0.42857142857142855,0.42857142857142855,0.17129022403129143,14,0.5714285714285714,8,57.0,1609.0,0.767906394368149,412.2300766352483,0.998,2000,16,84,0.11263387173067278,221.31389117240906,2.6346891806239174,real3d,gp_ts,8,3,,
posthoc,0.5,0.5,0.5,0.5,0.7666104335493611,14,0.6428571428571429,0.6428571428571429,0.6428571428571429,0.5714285714285714,0.7666104335493611,14,0.5714285714285714,0.5714285714285714,0.5714285714285714,0.5714285714285714,0.7666104335493611,14,0.5,0.5,0.5,0.5714285714285714,0.7666104335493611,14,0.5,0.5,0.5,0.15663631443199583,14,14,7,0.05,0.5,0.5,0.5,0.15663631443199583,14,0.5714285714285714,8,23.0,296.0,0.7666104335493611,306.12116719830726,0.9975,2000,16,84,0.11848860835969627,196.43875288963318,2.3385565820194425,real3d,gp_ts,9,3,,
method,0.07142857142857142,1.0,0.13333333333333333,0.5714285714285714,0.7261834334136048,1,0.14285714285714285,1.0,0.25,0.7142857142857143,0.7565798855659077,2,0.2857142857142857,1.0,0.4444444444444445,0.8571428571428571,0.7565798855659077,4,0.2857142857142857,1.0,0.4444444444444445,0.9285714285714286,0.7565798855659077,4,0.2857142857142857,1.0,0.4444444444444445,0.36509659603156075,4,14,4,0.05,0.5714285714285714,0.5714285714285714,0.5714285714285714,0.08343837326439148,14,0.9285714285714286,13,4.0,75.0,0.7565798855659077,110.92070228424475,0.9985,2000,16,84,0.13986577885169288,410.8583402633667,4.891170717421032,real3d,zombihop,2,3,,0.21428571428571427
method,0.07142857142857142,1.0,0.13333333333333333,0.7857142857142857,0.7611212746031304,1,0.07142857142857142,0.5,0.125,0.7857142857142857,0.7637626083789754,2,0.21428571428571427,0.75,0.3333333333333333,0.9285714285714286,0.7637626083789754,4,0.21428571428571427,0.75,0.3333333333333333,0.9285714285714286,0.765656693075369,4,0.21428571428571427,0.75,0.3333333333333333,0.3665955460864821,4,14,3,0.05,0.7142857142857143,0.7142857142857143,0.7142857142857143,0.07445625332024693,14,0.9285714285714286,13,11.0,96.0,0.765656693075369,110.64261681570969,1.0,2000,16,84,0.136685139381447,379.99492859840393,4.523749149980999,real3d,zombihop,3,3,,0.21428571428571427
method,0.0,0.0,0.0,0.42857142857142855,0.724465402611996,1,0.0,0.0,0.0,0.7142857142857143,0.7425386028978496,2,0.14285714285714285,0.4,0.21052631578947364,0.7857142857142857,0.7425386028978496,5,0.21428571428571427,0.42857142857142855,0.2857142857142857,0.8571428571428571,0.7425386028978496,7,0.21428571428571427,0.42857142857142855,0.2857142857142857,0.27817719791093976,7,14,3,0.05,0.5,0.5,0.5,0.0976313606508289,14,0.8571428571428571,12,16.0,315.0,0.7425386028978496,107.63392303568425,1.0,2000,16,84,0.13722721193813367,575.2216558456421,6.847876855305263,real3d,zombihop,4,3,,0.2857142857142857
method,0.07142857142857142,1.0,0.13333333333333333,0.6428571428571429,0.7444082424893755,1,0.07142857142857142,0.5,0.125,0.8571428571428571,0.7621173493081261,2,0.07142857142857142,0.5,0.125,0.9285714285714286,0.7621173493081261,2,0.14285714285714285,0.6666666666666666,0.23529411764705882,0.9285714285714286,0.7621173493081261,3,0.14285714285714285,0.6666666666666666,0.23529411764705882,0.4001474384298475,3,14,2,0.05,0.5714285714285714,0.5714285714285714,0.5714285714285714,0.09846617832647302,14,0.9285714285714286,13,5.0,149.0,0.7621173493081261,113.8756332872477,1.0,2000,16,84,0.13506971910611917,388.6440236568451,4.626714567343394,real3d,zombihop,1,3,,0.21428571428571427
method,0.07142857142857142,1.0,0.13333333333333333,0.6428571428571429,0.735745373160274,1,0.14285714285714285,1.0,0.25,0.7142857142857143,0.735745373160274,2,0.21428571428571427,0.75,0.3333333333333333,0.8571428571428571,0.7464694242910829,4,0.35714285714285715,0.625,0.45454545454545453,0.9285714285714286,0.7552210780767046,8,0.35714285714285715,0.625,0.45454545454545453,0.25313846236056625,8,14,5,0.05,0.5714285714285714,0.5714285714285714,0.5714285714285714,0.1004846096949883,14,0.9285714285714286,13,7.0,112.0,0.7552210780767046,108.15532245614796,1.0,2000,16,84,0.13289890463275283,469.5024049282074,5.589314344383421,real3d,zombihop,0,3,,0.42857142857142855
method,0.07142857142857142,1.0,0.13333333333333333,0.7857142857142857,0.755816880859272,1,0.14285714285714285,1.0,0.25,0.9285714285714286,0.755816880859272,2,0.14285714285714285,1.0,0.25,0.9285714285714286,0.755816880859272,2,0.21428571428571427,0.75,0.3333333333333333,0.9285714285714286,0.755816880859272,4,0.21428571428571427,0.75,0.3333333333333333,0.36938199386689,4,14,3,0.05,0.6428571428571429,0.6428571428571429,0.6428571428571429,0.06578562362490688,14,0.9285714285714286,13,11.0,132.0,0.755816880859272,113.37589164948375,0.999,2000,16,84,0.1341748121973819,393.34358072280884,4.682661675271534,real3d,zombihop,5,3,,0.14285714285714285
method,0.07142857142857142,1.0,0.13333333333333333,0.5714285714285714,0.7595040115806672,1,0.14285714285714285,1.0,0.25,0.7857142857142857,0.7595040115806672,2,0.21428571428571427,0.75,0.3333333333333333,0.9285714285714286,0.7595040115806672,4,0.2857142857142857,0.8,0.4210526315789473,1.0,0.7658287448891166,5,0.2857142857142857,0.8,0.4210526315789473,0.33349983311018583,5,14,4,0.05,0.5714285714285714,0.5714285714285714,0.5714285714285714,0.06502051194799059,14,1.0,14,5.0,166.0,0.7658287448891166,115.74530175771413,0.999,2000,16,84,0.13461775948410706,418.0472078323364,4.976752474194481,real3d,zombihop,7,3,,0.21428571428571427
method,0.0,0.0,0.0,0.6428571428571429,0.7483540130568358,1,0.07142857142857142,0.5,0.125,0.9285714285714286,0.7483540130568358,2,0.07142857142857142,0.5,0.125,1.0,0.7601147037326976,2,0.14285714285714285,0.6666666666666666,0.23529411764705882,1.0,0.7622664848739021,3,0.14285714285714285,0.6666666666666666,0.23529411764705882,0.40202466069604387,3,14,2,0.05,0.5714285714285714,0.5714285714285714,0.5714285714285714,0.08468782135945521,14,1.0,14,1.0,69.0,0.7622664848739021,103.99582753902001,1.0,2000,16,84,0.13499025629242922,397.14197039604187,4.727880599952879,real3d,zombihop,6,3,,0.21428571428571427
method,0.07142857142857142,1.0,0.13333333333333333,0.7142857142857143,0.7644709462715394,1,0.14285714285714285,1.0,0.25,0.9285714285714286,0.7644709462715394,2,0.14285714285714285,1.0,0.25,0.9285714285714286,0.7644709462715394,2,0.14285714285714285,1.0,0.25,0.9285714285714286,0.7670233397573342,2,0.14285714285714285,1.0,0.25,0.43231672597356763,2,14,2,0.05,0.6428571428571429,0.6428571428571429,0.6428571428571429,0.06950025088943937,14,0.9285714285714286,13,13.0,117.0,0.7670233397573342,110.76268788026891,1.0,2000,16,84,0.13531943183197068,675.3773572444916,8.040206633862995,real3d,zombihop,8,3,,0.14285714285714285
method,0.07142857142857142,1.0,0.13333333333333333,0.5714285714285714,0.7270828276569898,1,0.14285714285714285,1.0,0.25,0.7142857142857143,0.7300528351723028,2,0.35714285714285715,0.8333333333333334,0.5,0.9285714285714286,0.7494510774247476,6,0.35714285714285715,0.8333333333333334,0.5,1.0,0.7494510774247476,6,0.35714285714285715,0.8333333333333334,0.5,0.30484569026443215,6,14,5,0.05,0.5,0.5,0.5,0.10089343288176791,14,1.0,14,12.0,156.0,0.7494510774247476,113.36238262013117,1.0,2000,16,84,0.13679866398481036,425.68660497665405,5.0676976782935,real3d,zombihop,9,3,,0.14285714285714285
method,0.0,0.0,0.0,0.6428571428571429,0.726216332247428,0,0.0,0.0,0.0,0.7142857142857143,0.726216332247428,1,0.14285714285714285,0.6666666666666666,0.23529411764705882,0.9285714285714286,0.7510184044650673,3,0.14285714285714285,0.6666666666666666,0.23529411764705882,1.0,0.7510184044650673,3,0.14285714285714285,0.6666666666666666,0.23529411764705882,0.4089156944213609,3,14,2,0.05,0.5714285714285714,0.5714285714285714,0.5714285714285714,0.08245084081674729,14,1.0,14,7.0,112.0,0.7510184044650673,106.37251640133691,0.9995,2000,16,84,0.1319456285963684,330.16843366622925,3.930576591264634,real3d,zombihop_nc5,0,3,,0.07142857142857142
method,0.0,0.0,0.0,0.5714285714285714,0.7635102090568464,0,0.0,0.0,0.0,0.8571428571428571,0.7635102090568464,1,0.14285714285714285,0.6666666666666666,0.23529411764705882,0.8571428571428571,0.7635102090568464,3,0.2857142857142857,0.8,0.4210526315789473,0.9285714285714286,0.7635102090568464,5,0.2857142857142857,0.8,0.4210526315789473,0.3319378972559788,5,14,4,0.05,0.5,0.5,0.5,0.08940821738297408,14,0.9285714285714286,13,5.0,195.0,0.7635102090568464,104.73184842020146,1.0,2000,16,84,0.13603248541861354,486.8089063167572,5.7953441228185385,real3d,zombihop_nc5,1,3,,0.14285714285714285
method,0.0,0.0,0.0,0.5,0.7318120964366933,0,0.07142857142857142,1.0,0.13333333333333333,0.7857142857142857,0.736983811447194,1,0.14285714285714285,1.0,0.25,0.8571428571428571,0.736983811447194,2,0.14285714285714285,1.0,0.25,1.0,0.736983811447194,2,0.14285714285714285,1.0,0.25,0.4301033290670482,2,14,2,0.05,0.7142857142857143,0.7142857142857143,0.7142857142857143,0.08765416038324172,14,1.0,14,16.0,213.0,0.736983811447194,118.51424236323128,1.0,2000,16,84,0.13780905522480139,300.56033301353455,3.578099202542078,real3d,zombihop_nc5,4,3,,0.14285714285714285
method,0.0,0.0,0.0,0.7857142857142857,0.7611212746031304,0,0.07142857142857142,1.0,0.13333333333333333,0.8571428571428571,0.7611212746031304,1,0.14285714285714285,1.0,0.25,0.9285714285714286,0.7611212746031304,2,0.14285714285714285,1.0,0.25,0.9285714285714286,0.7611212746031304,2,0.14285714285714285,1.0,0.25,0.431513936610293,2,14,2,0.05,0.6428571428571429,0.6428571428571429,0.6428571428571429,0.08300389933415649,14,0.9285714285714286,13,11.0,96.0,0.7611212746031304,104.34593601689886,1.0,2000,16,84,0.13406767126702093,482.8197467327118,5.7478541277703785,real3d,zombihop_nc5,3,3,,0.14285714285714285
method,0.0,0.0,0.0,0.5714285714285714,0.755816880859272,0,0.07142857142857142,1.0,0.13333333333333333,0.8571428571428571,0.7575057920221568,1,0.07142857142857142,1.0,0.13333333333333333,0.9285714285714286,0.7575057920221568,1,0.14285714285714285,1.0,0.25,1.0,0.7575057920221568,2,0.14285714285714285,1.0,0.25,0.43260772309148726,2,14,2,0.05,0.7142857142857143,0.7142857142857143,0.7142857142857143,0.06177230499558373,14,1.0,14,11.0,141.0,0.7575057920221568,112.13557848977446,1.0,2000,16,84,0.13541426382734473,407.18024802207947,4.847383905024755,real3d,zombihop_nc5,5,3,,0.07142857142857142
method,0.0,0.0,0.0,0.6428571428571429,0.7261834334136048,0,0.07142857142857142,1.0,0.13333333333333333,0.7857142857142857,0.7272331517419837,1,0.21428571428571427,1.0,0.35294117647058826,0.9285714285714286,0.7506036270593576,3,0.2857142857142857,1.0,0.4444444444444445,1.0,0.764712746719642,4,0.2857142857142857,1.0,0.4444444444444445,0.36423955105406064,4,14,4,0.05,0.6428571428571429,0.6428571428571429,0.6428571428571429,0.0655631177116474,14,1.0,14,4.0,75.0,0.764712746719642,108.28308301084093,0.9995,2000,16,84,0.13874321999842076,491.54373049736023,5.851711077349527,real3d,zombihop_nc5,2,3,,0.21428571428571427
method,0.0,0.0,0.0,0.7142857142857143,0.7483540130568358,0,0.0,0.0,0.0,0.7857142857142857,0.7483540130568358,1,0.07142857142857142,0.3333333333333333,0.11764705882352941,0.9285714285714286,0.7483540130568358,3,0.21428571428571427,0.42857142857142855,0.2857142857142857,1.0,0.7483540130568358,7,0.21428571428571427,0.42857142857142855,0.2857142857142857,0.28889858029210486,7,14,3,0.05,0.5,0.5,0.5,0.12594823473717634,14,1.0,14,1.0,83.0,0.7483540130568358,100.97395512029183,1.0,2000,16,84,0.1389227365809312,558.4958415031433,6.648760017894563,real3d,zombihop_nc5,6,3,,0.2857142857142857
posthoc,0.1111111111111111,0.1111111111111111,0.1111111111111111,0.037037037037037035,0.8769035059122329,27,0.1111111111111111,0.1111111111111111,0.1111111111111111,0.1111111111111111,0.8769035059122329,27,0.2222222222222222,0.2222222222222222,0.2222222222222222,0.25925925925925924,0.8791431211088936,27,0.18518518518518517,0.18518518518518517,0.18518518518518517,0.5555555555555556,0.8791431211088936,27,0.18518518518518517,0.18518518518518517,0.18518518518518517,0.1299121428179658,27,27,5,0.05,0.18518518518518517,0.18518518518518517,0.18518518518518517,0.1299121428179658,27,0.5185185185185185,15,185.0,1828.0,0.8791431211088936,984.435445809901,0.984,2000,16,84,0.1248372052527153,0.9107677936553955,0.010842473733992804,real4d,random,0,4,,
posthoc,0.14814814814814814,0.14814814814814814,0.14814814814814814,0.14814814814814814,0.8698321952810734,27,0.25925925925925924,0.25925925925925924,0.25925925925925924,0.2222222222222222,0.8781755715806177,27,0.2222222222222222,0.2222222222222222,0.2222222222222222,0.2962962962962963,0.8781755715806177,27,0.4074074074074074,0.4074074074074074,0.4074074074074074,0.5925925925925926,0.8781755715806177,27,0.4074074074074074,0.4074074074074074,0.4074074074074074,0.10417853690092603,27,27,11,0.05,0.4074074074074074,0.4074074074074074,0.4074074074074074,0.10417853690092603,27,0.5925925925925926,16,124.0,1100.0,0.8781755715806177,973.0408576953449,0.986,2000,16,84,0.12652808147208094,1.0021822452545166,0.011930741014934722,real4d,random,1,4,,
posthoc,0.2222222222222222,0.2222222222222222,0.2222222222222222,0.14814814814814814,0.8843558120481642,27,0.2222222222222222,0.2222222222222222,0.2222222222222222,0.3333333333333333,0.8843558120481642,27,0.2962962962962963,0.2962962962962963,0.2962962962962963,0.48148148148148145,0.8843558120481642,27,0.4074074074074074,0.4074074074074074,0.4074074074074074,0.5925925925925926,0.8843558120481642,27,0.4074074074074074,0.4074074074074074,0.4074074074074074,0.11534421322930752,27,27,11,0.05,0.4074074074074074,0.4074074074074074,0.4074074074074074,0.11534421322930752,27,0.5925925925925926,16,11.0,894.0,0.8843558120481642,987.7392932448594,0.986,2000,16,84,0.13144952106689517,0.8994717597961426,0.010707997140430268,real4d,random,2,4,,
posthoc,0.14814814814814814,0.14814814814814814,0.14814814814814814,0.1111111111111111,0.8611918512615506,27,0.18518518518518517,0.18518518518518517,0.18518518518518517,0.18518518518518517,0.8627650723974524,27,0.2962962962962963,0.2962962962962963,0.2962962962962963,0.25925925925925924,0.8637940241669122,27,0.2962962962962963,0.2962962962962963,0.2962962962962963,0.5555555555555556,0.8637940241669122,27,0.2962962962962963,0.2962962962962963,0.2962962962962963,0.12865528916904131,27,27,8,0.05,0.2962962962962963,0.2962962962962963,0.2962962962962963,0.12865528916904131,27,0.5555555555555556,15,15.0,1709.0,0.8637940241669122,988.308851942903,0.987,2000,16,84,0.12563742099280426,0.9630289077758789,0.011464629854474748,real4d,random,3,4,,
posthoc,0.07407407407407407,0.07407407407407407,0.07407407407407407,0.14814814814814814,0.8636035011007687,27,0.07407407407407407,0.07407407407407407,0.07407407407407407,0.18518518518518517,0.8636035011007687,27,0.25925925925925924,0.25925925925925924,0.25925925925925924,0.37037037037037035,0.8768462681511138,27,0.2962962962962963,0.2962962962962963,0.2962962962962963,0.5185185185185185,0.8818460561107226,27,0.2962962962962963,0.2962962962962963,0.2962962962962963,0.11768779429520539,27,27,8,0.05,0.2962962962962963,0.2962962962962963,0.2962962962962963,0.11768779429520539,27,0.5185185185185185,14,61.0,1691.0,0.8818460561107226,975.2345900089203,0.9885,2000,16,84,0.12552417398829865,1.115494966506958,0.013279701982225691,real4d,random,4,4,,
posthoc,0.037037037037037035,0.037037037037037035,0.037037037037037035,0.07407407407407407,0.8777929886088924,27,0.2222222222222222,0.2222222222222222,0.2222222222222222,0.2222222222222222,0.8777929886088924,27,0.2962962962962963,0.2962962962962963,0.2962962962962963,0.2962962962962963,0.8809547511058823,27,0.2962962962962963,0.2962962962962963,0.2962962962962963,0.5185185185185185,0.8809547511058823,27,0.2962962962962963,0.2962962962962963,0.2962962962962963,0.13057007540622334,27,27,8,0.05,0.2962962962962963,0.2962962962962963,0.2962962962962963,0.13057007540622334,27,0.5185185185185185,14,9.0,1812.0,0.8809547511058823,993.8521285319467,0.986,2000,16,84,0.1268863283448574,0.9019119739532471,0.010737047308967226,real4d,random,5,4,,
posthoc,0.1111111111111111,0.1111111111111111,0.1111111111111111,0.18518518518518517,0.8520290535762843,27,0.2222222222222222,0.2222222222222222,0.2222222222222222,0.3333333333333333,0.8550893043541623,27,0.18518518518518517,0.18518518518518517,0.18518518518518517,0.48148148148148145,0.8748019780545243,27,0.2222222222222222,0.2222222222222222,0.2222222222222222,0.5925925925925926,0.875243561716779,27,0.2222222222222222,0.2222222222222222,0.2222222222222222,0.12781294636506482,27,27,6,0.05,0.2222222222222222,0.2222222222222222,0.2222222222222222,0.12781294636506482,27,0.5925925925925926,16,2.0,715.0,0.875243561716779,982.4102199703611,0.986,2000,16,84,0.1276329877038426,0.9544191360473633,0.01136213257199242,real4d,random,6,4,,
posthoc,0.07407407407407407,0.07407407407407407,0.07407407407407407,0.07407407407407407,0.8666828397510346,27,0.18518518518518517,0.18518518518518517,0.18518518518518517,0.2222222222222222,0.8674857840359553,27,0.2962962962962963,0.2962962962962963,0.2962962962962963,0.4444444444444444,0.8882540319962359,27,0.3333333333333333,0.3333333333333333,0.3333333333333333,0.6666666666666666,0.8882540319962359,27,0.3333333333333333,0.3333333333333333,0.3333333333333333,0.1340480398594421,27,27,9,0.05,0.3333333333333333,0.3333333333333333,0.3333333333333333,0.1340480398594421,27,0.6666666666666666,18,53.0,1015.0,0.8882540319962359,1008.7600989678153,0.988,2000,16,84,0.12544922321872673,0.9286139011383057,0.011054927394503639,real4d,random,7,4,,
posthoc,0.07407407407407407,0.07407407407407407,0.07407407407407407,0.037037037037037035,0.8678847161944503,27,0.18518518518518517,0.18518518518518517,0.18518518518518517,0.2222222222222222,0.8727734118619802,27,0.2222222222222222,0.2222222222222222,0.2222222222222222,0.37037037037037035,0.8833439296690895,27,0.4074074074074074,0.4074074074074074,0.4074074074074074,0.6296296296296297,0.8833439296690895,27,0.4074074074074074,0.4074074074074074,0.4074074074074074,0.1266718521175685,27,27,11,0.05,0.4074074074074074,0.4074074074074074,0.4074074074074074,0.1266718521175685,27,0.6296296296296297,17,55.0,1327.0,0.8833439296690895,995.146502674849,0.9865,2000,16,84,0.12763575756380952,0.9403674602508545,0.011194850717272078,real4d,random,8,4,,
posthoc,0.14814814814814814,0.14814814814814814,0.14814814814814814,0.1111111111111111,0.8666404631933362,27,0.2962962962962963,0.2962962962962963,0.2962962962962963,0.25925925925925924,0.8703013761947892,27,0.2222222222222222,0.2222222222222222,0.2222222222222222,0.37037037037037035,0.8703013761947892,27,0.25925925925925924,0.25925925925925924,0.25925925925925924,0.5925925925925926,0.8703013761947892,27,0.25925925925925924,0.25925925925925924,0.25925925925925924,0.1241955581991912,27,27,7,0.05,0.25925925925925924,0.25925925925925924,0.25925925925925924,0.1241955581991912,27,0.5555555555555556,16,87.0,1719.0,0.8703013761947892,991.1926799072679,0.983,2000,16,84,0.12876782891599997,0.9665884971618652,0.011507005918593634,real4d,random,9,4,,
method,0.0,0.0,0.0,0.7142857142857143,0.7350227433569351,0,0.07142857142857142,1.0,0.13333333333333333,0.7857142857142857,0.7350227433569351,1,0.14285714285714285,1.0,0.25,0.9285714285714286,0.7350227433569351,2,0.14285714285714285,0.6666666666666666,0.23529411764705882,1.0,0.7615419221681167,3,0.14285714285714285,0.6666666666666666,0.23529411764705882,0.40510260536795933,3,14,2,0.05,0.5714285714285714,0.5714285714285714,0.5714285714285714,0.09749403154167317,14,1.0,14,13.0,117.0,0.7615419221681167,110.264618464996,1.0,2000,16,84,0.13752327585348553,348.44912910461426,4.148203917912075,real3d,zombihop_nc5,8,3,,0.21428571428571427
method,0.0,0.0,0.0,0.35714285714285715,0.7656107087456616,0,0.07142857142857142,1.0,0.13333333333333333,0.6428571428571429,0.7656107087456616,1,0.14285714285714285,1.0,0.25,0.8571428571428571,0.7656107087456616,2,0.14285714285714285,1.0,0.25,0.9285714285714286,0.7656107087456616,2,0.14285714285714285,1.0,0.25,0.4299630169496299,2,14,2,0.05,0.5714285714285714,0.5714285714285714,0.5714285714285714,0.09106853467693529,14,0.9285714285714286,13,5.0,255.0,0.7656107087456616,102.45374018690114,0.9985,2000,16,84,0.13202579145536186,579.0145690441132,6.89303058385849,real3d,zombihop_nc5,7,3,,0.07142857142857142
method,0.0,0.0,0.0,0.35714285714285715,0.7270828276569898,0,0.07142857142857142,1.0,0.13333333333333333,0.6428571428571429,0.740359312835366,1,0.14285714285714285,1.0,0.25,0.8571428571428571,0.740359312835366,2,0.14285714285714285,1.0,0.25,0.9285714285714286,0.740359312835366,2,0.14285714285714285,1.0,0.25,0.4319036623306762,2,14,2,0.05,0.7142857142857143,0.7142857142857143,0.7142857142857143,0.07241088314747517,14,0.9285714285714286,13,12.0,264.0,0.740359312835366,103.56893117242896,1.0,2000,16,84,0.13332864579947507,547.6480734348297,6.519619921843211,real3d,zombihop_nc5,9,3,,0.14285714285714285
posthoc,0.037037037037037035,0.037037037037037035,0.037037037037037035,0.037037037037037035,0.8769035059122329,27,0.037037037037037035,0.037037037037037035,0.037037037037037035,0.037037037037037035,0.8769035059122329,27,0.07407407407407407,0.07407407407407407,0.07407407407407407,0.18518518518518517,0.8769035059122329,27,0.2222222222222222,0.2222222222222222,0.2222222222222222,0.3333333333333333,0.8769035059122329,27,0.2222222222222222,0.2222222222222222,0.2222222222222222,0.1326081077988434,27,27,6,0.05,0.2222222222222222,0.2222222222222222,0.2222222222222222,0.1326081077988434,27,0.3333333333333333,9,142.0,inf,0.8769035059122329,1332.6255031300116,0.974,2000,16,84,0.11655583047112952,1784.0790266990662,21.23903603213174,real4d,gp_qucb,0,4,,
posthoc,0.07407407407407407,0.07407407407407407,0.07407407407407407,0.0,0.8567682411804612,27,0.14814814814814814,0.14814814814814814,0.14814814814814814,0.07407407407407407,0.8567682411804612,27,0.18518518518518517,0.18518518518518517,0.18518518518518517,0.18518518518518517,0.8692276259030153,27,0.2962962962962963,0.2962962962962963,0.2962962962962963,0.2962962962962963,0.8695786907550999,27,0.2962962962962963,0.2962962962962963,0.2962962962962963,0.13072228570385278,27,27,8,0.05,0.2962962962962963,0.2962962962962963,0.2962962962962963,0.13072228570385278,27,0.2962962962962963,8,382.0,inf,0.8695786907550999,1293.3762310911343,0.967,2000,16,84,0.11998896313680163,1851.6207473278046,22.043104134854815,real4d,gp_qucb,1,4,,
posthoc,0.07407407407407407,0.07407407407407407,0.07407407407407407,0.07407407407407407,0.8351799088389178,27,0.2222222222222222,0.2222222222222222,0.2222222222222222,0.14814814814814814,0.8351799088389178,27,0.2962962962962963,0.2962962962962963,0.2962962962962963,0.25925925925925924,0.8580524377137623,27,0.3333333333333333,0.3333333333333333,0.3333333333333333,0.4074074074074074,0.8667942724124825,27,0.3333333333333333,0.3333333333333333,0.3333333333333333,0.14387347778950688,27,27,9,0.05,0.3333333333333333,0.3333333333333333,0.3333333333333333,0.14387347778950688,27,0.4074074074074074,11,11.0,inf,0.8667942724124825,1315.8059033620098,0.9645,2000,16,84,0.12379935180005433,1798.7175533771515,21.41330420687085,real4d,gp_qucb,2,4,,
posthoc,0.1111111111111111,0.1111111111111111,0.1111111111111111,0.07407407407407407,0.8611918512615506,27,0.14814814814814814,0.14814814814814814,0.14814814814814814,0.1111111111111111,0.8611918512615506,27,0.25925925925925924,0.25925925925925924,0.25925925925925924,0.2962962962962963,0.8611918512615506,27,0.2222222222222222,0.2222222222222222,0.2222222222222222,0.4074074074074074,0.8611918512615506,27,0.2222222222222222,0.2222222222222222,0.2222222222222222,0.13482617176719336,27,27,6,0.05,0.2222222222222222,0.2222222222222222,0.2222222222222222,0.13482617176719336,27,0.4074074074074074,11,15.0,inf,0.8611918512615506,1360.4852202920351,0.968,2000,16,84,0.11856224969674785,1767.3810255527496,21.0402503041994,real4d,gp_qucb,3,4,,
posthoc,0.037037037037037035,0.037037037037037035,0.037037037037037035,0.037037037037037035,0.8636035011007687,27,0.037037037037037035,0.037037037037037035,0.037037037037037035,0.07407407407407407,0.8636035011007687,27,0.07407407407407407,0.07407407407407407,0.07407407407407407,0.1111111111111111,0.8636035011007687,27,0.1111111111111111,0.1111111111111111,0.1111111111111111,0.2962962962962963,0.8636035011007687,27,0.1111111111111111,0.1111111111111111,0.1111111111111111,0.15600395234153497,27,27,3,0.05,0.1111111111111111,0.1111111111111111,0.1111111111111111,0.15600395234153497,27,0.2962962962962963,8,93.0,inf,0.8636035011007687,1355.5049359989607,0.9675,2000,16,84,0.11791359798129866,1800.704440832138,21.436957628954026,real4d,gp_qucb,4,4,,
posthoc,0.1111111111111111,0.1111111111111111,0.1111111111111111,0.07407407407407407,0.876328542516019,27,0.1111111111111111,0.1111111111111111,0.1111111111111111,0.1111111111111111,0.876328542516019,27,0.2222222222222222,0.2222222222222222,0.2222222222222222,0.18518518518518517,0.876328542516019,27,0.25925925925925924,0.25925925925925924,0.25925925925925924,0.25925925925925924,0.876328542516019,27,0.25925925925925924,0.25925925925925924,0.25925925925925924,0.18124146657501067,27,27,7,0.05,0.25925925925925924,0.25925925925925924,0.25925925925925924,0.18124146657501067,27,0.25925925925925924,7,9.0,inf,0.876328542516019,1323.6967718201895,0.9705,2000,16,84,0.12057822564041312,1855.3181014060974,22.087120254834492,real4d,gp_qucb,5,4,,
posthoc,0.07407407407407407,0.07407407407407407,0.07407407407407407,0.07407407407407407,0.8520290535762843,27,0.1111111111111111,0.1111111111111111,0.1111111111111111,0.14814814814814814,0.8520290535762843,27,0.25925925925925924,0.25925925925925924,0.25925925925925924,0.2962962962962963,0.8750790463840243,27,0.3333333333333333,0.3333333333333333,0.3333333333333333,0.4074074074074074,0.8750790463840243,27,0.3333333333333333,0.3333333333333333,0.3333333333333333,0.14378569279598136,27,27,9,0.05,0.3333333333333333,0.3333333333333333,0.3333333333333333,0.14378569279598136,27,0.4074074074074074,11,2.0,inf,0.8750790463840243,1358.77641386646,0.967,2000,16,84,0.12116044406329371,1843.025241613388,21.94077668587367,real4d,gp_qucb,6,4,,
posthoc,0.0,0.0,0.0,0.0,0.8409317799224321,27,0.037037037037037035,0.037037037037037035,0.037037037037037035,0.0,0.847168199357005,27,0.2222222222222222,0.2222222222222222,0.2222222222222222,0.14814814814814814,0.8805131106924708,27,0.2222222222222222,0.2222222222222222,0.2222222222222222,0.37037037037037035,0.8805131106924708,27,0.2222222222222222,0.2222222222222222,0.2222222222222222,0.14553075567128657,27,27,6,0.05,0.2222222222222222,0.2222222222222222,0.2222222222222222,0.14553075567128657,27,0.37037037037037035,10,571.0,inf,0.8805131106924708,1339.1918170997435,0.962,2000,16,84,0.11936706857995037,1807.7298784255981,21.52059379078093,real4d,gp_qucb,7,4,,
posthoc,0.07407407407407407,0.07407407407407407,0.07407407407407407,0.1111111111111111,0.8498150230008495,27,0.1111111111111111,0.1111111111111111,0.1111111111111111,0.18518518518518517,0.853752796061561,27,0.18518518518518517,0.18518518518518517,0.18518518518518517,0.25925925925925924,0.853752796061561,27,0.18518518518518517,0.18518518518518517,0.18518518518518517,0.2962962962962963,0.8603303377056548,27,0.18518518518518517,0.18518518518518517,0.18518518518518517,0.1437188945594107,27,27,5,0.05,0.18518518518518517,0.18518518518518517,0.18518518518518517,0.1437188945594107,27,0.2962962962962963,8,37.0,inf,0.8603303377056548,1371.6712082829017,0.9665,2000,16,84,0.12047823369773082,1825.0454926490784,21.726732055346172,real4d,gp_qucb,8,4,,
posthoc,0.0,0.0,0.0,0.037037037037037035,0.8457960131014106,27,0.07407407407407407,0.07407407407407407,0.07407407407407407,0.07407407407407407,0.8457960131014106,27,0.1111111111111111,0.1111111111111111,0.1111111111111111,0.2222222222222222,0.8560217799834761,27,0.2222222222222222,0.2222222222222222,0.2222222222222222,0.3333333333333333,0.8560217799834761,27,0.2222222222222222,0.2222222222222222,0.2222222222222222,0.1440144233356155,27,27,6,0.05,0.2222222222222222,0.2222222222222222,0.2222222222222222,0.1440144233356155,27,0.3333333333333333,9,221.0,inf,0.8560217799834761,1344.3919913882455,0.9615,2000,16,84,0.12205715183832279,1859.6886084079742,22.13915010009493,real4d,gp_qucb,9,4,,
posthoc,0.07407407407407407,0.07407407407407407,0.07407407407407407,0.07407407407407407,0.8769035059122329,27,0.1111111111111111,0.1111111111111111,0.1111111111111111,0.2222222222222222,0.8769035059122329,27,0.14814814814814814,0.14814814814814814,0.14814814814814814,0.25925925925925924,0.8769035059122329,27,0.3333333333333333,0.3333333333333333,0.3333333333333333,0.48148148148148145,0.8769035059122329,27,0.3333333333333333,0.3333333333333333,0.3333333333333333,0.15306687488322368,27,27,9,0.05,0.3333333333333333,0.3333333333333333,0.3333333333333333,0.15306687488322368,27,0.48148148148148145,13,75.0,1637.0,0.8769035059122329,1076.7261321084477,0.962,2000,16,84,0.11902042187506233,2797.0913887023926,33.298707008361816,real4d,gp_qlogei,0,4,,
posthoc,0.037037037037037035,0.037037037037037035,0.037037037037037035,0.0,0.8567682411804612,27,0.037037037037037035,0.037037037037037035,0.037037037037037035,0.07407407407407407,0.8567682411804612,27,0.037037037037037035,0.037037037037037035,0.037037037037037035,0.1111111111111111,0.8567682411804612,27,0.1111111111111111,0.1111111111111111,0.1111111111111111,0.37037037037037035,0.867561030941987,27,0.1111111111111111,0.1111111111111111,0.1111111111111111,0.1608309118674127,27,27,3,0.05,0.1111111111111111,0.1111111111111111,0.1111111111111111,0.1608309118674127,27,0.37037037037037035,10,284.0,inf,0.867561030941987,1164.0311855944742,0.9695,2000,16,84,0.12412514251232225,2764.3629055023193,32.90908220836094,real4d,gp_qlogei,1,4,,
posthoc,0.14814814814814814,0.14814814814814814,0.14814814814814814,0.14814814814814814,0.8619901529940366,27,0.2962962962962963,0.2962962962962963,0.2962962962962963,0.25925925925925924,0.8619901529940366,27,0.2222222222222222,0.2222222222222222,0.2222222222222222,0.3333333333333333,0.8619901529940366,27,0.18518518518518517,0.18518518518518517,0.18518518518518517,0.48148148148148145,0.8619901529940366,27,0.18518518518518517,0.18518518518518517,0.18518518518518517,0.15122581147899872,27,27,5,0.05,0.18518518518518517,0.18518518518518517,0.18518518518518517,0.15122581147899872,27,0.48148148148148145,13,11.0,1897.0,0.8619901529940366,1178.9272892192937,0.9715,2000,16,84,0.12575872620280185,2817.92582654953,33.546736030351546,real4d,gp_qlogei,2,4,,
posthoc,0.037037037037037035,0.037037037037037035,0.037037037037037035,0.07407407407407407,0.8611918512615506,27,0.07407407407407407,0.07407407407407407,0.07407407407407407,0.18518518518518517,0.8611918512615506,27,0.07407407407407407,0.07407407407407407,0.07407407407407407,0.18518518518518517,0.8611918512615506,27,0.2222222222222222,0.2222222222222222,0.2222222222222222,0.37037037037037035,0.8611918512615506,27,0.2222222222222222,0.2222222222222222,0.2222222222222222,0.13097315200484264,27,27,6,0.05,0.2222222222222222,0.2222222222222222,0.2222222222222222,0.13097315200484264,27,0.37037037037037035,10,15.0,inf,0.8611918512615506,1188.977916740012,0.974,2000,16,84,0.11919972824002131,2813.689106464386,33.49629888648079,real4d,gp_qlogei,3,4,,
posthoc,0.07407407407407407,0.07407407407407407,0.07407407407407407,0.0,0.8636035011007687,27,0.1111111111111111,0.1111111111111111,0.1111111111111111,0.037037037037037035,0.8636035011007687,27,0.14814814814814814,0.14814814814814814,0.14814814814814814,0.14814814814814814,0.8636035011007687,27,0.1111111111111111,0.1111111111111111,0.1111111111111111,0.2962962962962963,0.8636035011007687,27,0.1111111111111111,0.1111111111111111,0.1111111111111111,0.14984733056793564,27,27,3,0.05,0.1111111111111111,0.1111111111111111,0.1111111111111111,0.14984733056793564,27,0.2962962962962963,8,413.0,inf,0.8636035011007687,1131.0025364599635,0.962,2000,16,84,0.1221576022618287,2834.454089164734,33.74350106148493,real4d,gp_qlogei,4,4,,
posthoc,0.07407407407407407,0.07407407407407407,0.07407407407407407,0.07407407407407407,0.876328542516019,27,0.14814814814814814,0.14814814814814814,0.14814814814814814,0.1111111111111111,0.876328542516019,27,0.18518518518518517,0.18518518518518517,0.18518518518518517,0.2222222222222222,0.8861747789993931,27,0.2962962962962963,0.2962962962962963,0.2962962962962963,0.37037037037037035,0.8861747789993931,27,0.2962962962962963,0.2962962962962963,0.2962962962962963,0.14224202304376485,27,27,8,0.05,0.2962962962962963,0.2962962962962963,0.2962962962962963,0.14224202304376485,27,0.37037037037037035,10,9.0,inf,0.8861747789993931,1143.5380743373921,0.9745,2000,16,84,0.12399700274484406,2327.8524346351624,27.712528983751934,real4d,gp_qlogei,5,4,,
posthoc,0.07407407407407407,0.07407407407407407,0.07407407407407407,0.07407407407407407,0.8520290535762843,27,0.1111111111111111,0.1111111111111111,0.1111111111111111,0.2222222222222222,0.8731327499905636,27,0.18518518518518517,0.18518518518518517,0.18518518518518517,0.2962962962962963,0.8731327499905636,27,0.2222222222222222,0.2222222222222222,0.2222222222222222,0.4074074074074074,0.8731327499905636,27,0.2222222222222222,0.2222222222222222,0.2222222222222222,0.14460370332986008,27,27,6,0.05,0.2222222222222222,0.2222222222222222,0.2222222222222222,0.14460370332986008,27,0.4074074074074074,11,2.0,inf,0.8731327499905636,1135.7146253089177,0.9755,2000,16,84,0.12202108391442183,2427.0457787513733,28.893402127992537,real4d,gp_qlogei,6,4,,
posthoc,0.18518518518518517,0.18518518518518517,0.18518518518518517,0.1111111111111111,0.8682358943921512,27,0.1111111111111111,0.1111111111111111,0.1111111111111111,0.18518518518518517,0.8709503016604245,27,0.25925925925925924,0.25925925925925924,0.25925925925925924,0.3333333333333333,0.8709503016604245,27,0.2222222222222222,0.2222222222222222,0.2222222222222222,0.37037037037037035,0.8720357198468236,27,0.2222222222222222,0.2222222222222222,0.2222222222222222,0.13296980979865444,27,27,6,0.05,0.2222222222222222,0.2222222222222222,0.2222222222222222,0.13296980979865444,27,0.37037037037037035,10,53.0,inf,0.8720357198468236,1187.2478651428532,0.9685,2000,16,84,0.12128667322202813,2366.6557393074036,28.1744730869929,real4d,gp_qlogei,7,4,,
posthoc,0.037037037037037035,0.037037037037037035,0.037037037037037035,0.037037037037037035,0.8769035059122329,27,0.1111111111111111,0.1111111111111111,0.1111111111111111,0.07407407407407407,0.8769035059122329,27,0.1111111111111111,0.1111111111111111,0.1111111111111111,0.2222222222222222,0.8769035059122329,27,0.25925925925925924,0.25925925925925924,0.25925925925925924,0.48148148148148145,0.8769035059122329,27,0.25925925925925924,0.25925925925925924,0.25925925925925924,0.13269063834463496,27,27,7,0.05,0.25925925925925924,0.25925925925925924,0.25925925925925924,0.13269063834463496,27,0.48148148148148145,13,92.0,1944.0,0.8769035059122329,760.5585956130078,0.9725,2000,16,84,0.12225073414140292,374.5564510822296,4.459005370026543,real4d,gp_ts,0,4,,
posthoc,0.0,0.0,0.0,0.037037037037037035,0.851977790803158,27,0.07407407407407407,0.07407407407407407,0.07407407407407407,0.1111111111111111,0.851977790803158,27,0.18518518518518517,0.18518518518518517,0.18518518518518517,0.2222222222222222,0.8530505794386057,27,0.18518518518518517,0.18518518518518517,0.18518518518518517,0.4074074074074074,0.8693339528071181,27,0.18518518518518517,0.18518518518518517,0.18518518518518517,0.12104277605872842,27,27,5,0.05,0.18518518518518517,0.18518518518518517,0.18518518518518517,0.12104277605872842,27,0.4074074074074074,11,195.0,inf,0.8693339528071181,1200.115303427418,0.967,2000,16,84,0.12200943569421387,2420.8148090839386,28.819223917665937,real4d,gp_qlogei,8,4,,
posthoc,0.14814814814814814,0.14814814814814814,0.14814814814814814,0.07407407407407407,0.8567682411804612,27,0.14814814814814814,0.14814814814814814,0.14814814814814814,0.1111111111111111,0.8567682411804612,27,0.37037037037037035,0.37037037037037035,0.37037037037037035,0.18518518518518517,0.8567682411804612,27,0.4074074074074074,0.4074074074074074,0.4074074074074074,0.4444444444444444,0.8732806158630658,27,0.4074074074074074,0.4074074074074074,0.4074074074074074,0.14024099024585698,27,27,11,0.05,0.4074074074074074,0.4074074074074074,0.4074074074074074,0.14024099024585698,27,0.4074074074074074,12,99.0,inf,0.8732806158630658,753.2836100610573,0.9715,2000,16,84,0.12085766132685745,330.603378534317,3.935754506360917,real4d,gp_ts,1,4,,
posthoc,0.2222222222222222,0.2222222222222222,0.2222222222222222,0.18518518518518517,0.8816132256293506,27,0.18518518518518517,0.18518518518518517,0.18518518518518517,0.2222222222222222,0.8816132256293506,27,0.14814814814814814,0.14814814814814814,0.14814814814814814,0.2962962962962963,0.8816132256293506,27,0.18518518518518517,0.18518518518518517,0.18518518518518517,0.48148148148148145,0.8850937531764629,27,0.18518518518518517,0.18518518518518517,0.18518518518518517,0.13752403118618567,27,27,5,0.05,0.18518518518518517,0.18518518518518517,0.18518518518518517,0.13752403118618567,27,0.48148148148148145,13,11.0,1949.0,0.8850937531764629,706.789882837144,0.9715,2000,16,84,0.1258203203071686,316.97701621055603,3.773535907268524,real4d,gp_ts,2,4,,
posthoc,0.037037037037037035,0.037037037037037035,0.037037037037037035,0.07407407407407407,0.8455529102476687,27,0.1111111111111111,0.1111111111111111,0.1111111111111111,0.2222222222222222,0.8847502328383287,27,0.14814814814814814,0.14814814814814814,0.14814814814814814,0.2962962962962963,0.8847502328383287,27,0.25925925925925924,0.25925925925925924,0.25925925925925924,0.5185185185185185,0.8847502328383287,27,0.25925925925925924,0.25925925925925924,0.25925925925925924,0.15403849611012815,27,27,7,0.05,0.25925925925925924,0.25925925925925924,0.25925925925925924,0.15403849611012815,27,0.5185185185185185,14,180.0,1685.0,0.8847502328383287,1109.02350815063,0.9735,2000,16,84,0.12037569761862472,2354.9954607486725,28.035660247008007,real4d,gp_qlogei,9,4,,
posthoc,0.1111111111111111,0.1111111111111111,0.1111111111111111,0.07407407407407407,0.8611918512615506,27,0.14814814814814814,0.14814814814814814,0.14814814814814814,0.14814814814814814,0.8611918512615506,27,0.18518518518518517,0.18518518518518517,0.18518518518518517,0.3333333333333333,0.8611918512615506,27,0.3333333333333333,0.3333333333333333,0.3333333333333333,0.5185185185185185,0.8871346148721708,27,0.3333333333333333,0.3333333333333333,0.3333333333333333,0.13785049500120333,27,27,9,0.05,0.3333333333333333,0.3333333333333333,0.3333333333333333,0.13785049500120333,27,0.5185185185185185,14,15.0,1795.0,0.8871346148721708,737.5815335269831,0.969,2000,16,84,0.12354265970520684,298.75670170783997,3.556627401283809,real4d,gp_ts,3,4,,
posthoc,0.037037037037037035,0.037037037037037035,0.037037037037037035,0.0,0.8636035011007687,27,0.0,0.0,0.0,0.07407407407407407,0.8636035011007687,27,0.07407407407407407,0.07407407407407407,0.07407407407407407,0.2962962962962963,0.8750610584915322,27,0.07407407407407407,0.07407407407407407,0.07407407407407407,0.6296296296296297,0.8794886481020541,27,0.07407407407407407,0.07407407407407407,0.07407407407407407,0.16577191810643316,27,27,2,0.05,0.07407407407407407,0.07407407407407407,0.07407407407407407,0.16577191810643316,27,0.6296296296296297,17,280.0,1478.0,0.8794886481020541,730.7047278444684,0.9705,2000,16,84,0.12493722010687826,290.70508337020874,3.4607748020262945,real4d,gp_ts,4,4,,
posthoc,0.14814814814814814,0.14814814814814814,0.14814814814814814,0.07407407407407407,0.876328542516019,27,0.2222222222222222,0.2222222222222222,0.2222222222222222,0.3333333333333333,0.876328542516019,27,0.18518518518518517,0.18518518518518517,0.18518518518518517,0.4074074074074074,0.876328542516019,27,0.25925925925925924,0.25925925925925924,0.25925925925925924,0.5185185185185185,0.8851941826649463,27,0.25925925925925924,0.25925925925925924,0.25925925925925924,0.17555213311084406,27,27,7,0.05,0.25925925925925924,0.25925925925925924,0.25925925925925924,0.17555213311084406,27,0.5185185185185185,14,9.0,1658.0,0.8851941826649463,788.0516012949525,0.9595,2000,16,84,0.12260556448184239,281.0875098705292,3.3462798794110618,real4d,gp_ts,5,4,,
posthoc,0.07407407407407407,0.07407407407407407,0.07407407407407407,0.07407407407407407,0.8482789594724202,27,0.07407407407407407,0.07407407407407407,0.07407407407407407,0.1111111111111111,0.8521128636435338,27,0.1111111111111111,0.1111111111111111,0.1111111111111111,0.2222222222222222,0.8837028212406949,27,0.2222222222222222,0.2222222222222222,0.2222222222222222,0.48148148148148145,0.8837028212406949,27,0.2222222222222222,0.2222222222222222,0.2222222222222222,0.1598621697854416,27,27,6,0.05,0.2222222222222222,0.2222222222222222,0.2222222222222222,0.1598621697854416,27,0.48148148148148145,13,48.0,1686.0,0.8837028212406949,749.7407186736782,0.961,2000,16,84,0.12202759710497721,272.93966341018677,3.249281707264128,real4d,gp_ts,7,4,,
posthoc,0.18518518518518517,0.18518518518518517,0.18518518518518517,0.1111111111111111,0.8788144328490681,27,0.2222222222222222,0.2222222222222222,0.2222222222222222,0.2222222222222222,0.8788144328490681,27,0.2962962962962963,0.2962962962962963,0.2962962962962963,0.48148148148148145,0.8788144328490681,27,0.37037037037037035,0.37037037037037035,0.37037037037037035,0.7037037037037037,0.8788144328490681,27,0.37037037037037035,0.37037037037037035,0.37037037037037035,0.12126815120021063,27,27,10,0.05,0.37037037037037035,0.37037037037037035,0.37037037037037035,0.12126815120021063,27,0.7037037037037037,19,2.0,780.0,0.8788144328490681,700.9436863895367,0.9695,2000,16,84,0.12439244826678174,280.32287859916687,3.337177126180558,real4d,gp_ts,6,4,,
posthoc,0.037037037037037035,0.037037037037037035,0.037037037037037035,0.07407407407407407,0.8549631951084957,27,0.1111111111111111,0.1111111111111111,0.1111111111111111,0.1111111111111111,0.8807771108573403,27,0.25925925925925924,0.25925925925925924,0.25925925925925924,0.4444444444444444,0.8807771108573403,27,0.4074074074074074,0.4074074074074074,0.4074074074074074,0.4444444444444444,0.8807771108573403,27,0.4074074074074074,0.4074074074074074,0.4074074074074074,0.12061257346437004,27,27,11,0.05,0.4074074074074074,0.4074074074074074,0.4074074074074074,0.12061257346437004,27,0.4444444444444444,12,132.0,inf,0.8807771108573403,685.1525462965449,0.9715,2000,16,84,0.1269421919626593,294.0895519256592,3.5010660943530856,real4d,gp_ts,8,4,,
posthoc,0.07407407407407407,0.07407407407407407,0.07407407407407407,0.0,0.8379306544204791,27,0.1111111111111111,0.1111111111111111,0.1111111111111111,0.07407407407407407,0.8549853810543062,27,0.2962962962962963,0.2962962962962963,0.2962962962962963,0.4444444444444444,0.8767313177407758,27,0.3333333333333333,0.3333333333333333,0.3333333333333333,0.6666666666666666,0.8849696909955005,27,0.3333333333333333,0.3333333333333333,0.3333333333333333,0.1209735009316426,27,27,9,0.05,0.3333333333333333,0.3333333333333333,0.3333333333333333,0.1209735009316426,27,0.6666666666666666,18,388.0,1008.0,0.8849696909955005,661.1185443787582,0.968,2000,16,84,0.12429646200928776,248.20903873443604,2.954869508743286,real4d,gp_ts,9,4,,
method,0.0,0.0,0.0,0.14814814814814814,0.8748110174253078,1,0.0,0.0,0.0,0.3333333333333333,0.8748110174253078,2,0.0,0.0,0.0,0.4074074074074074,0.8753684749185507,6,0.1111111111111111,0.25,0.15384615384615383,0.6666666666666666,0.8805834276156361,12,0.1111111111111111,0.25,0.15384615384615383,0.31932233014630884,12,27,3,0.05,0.2962962962962963,0.2962962962962963,0.2962962962962963,0.13610643503917488,27,0.6666666666666666,18,11.0,1338.0,0.8805834276156361,62.2745336279583,0.977,2000,16,84,0.1310144691337871,262.9804780483246,3.1307199767657687,real4d,zombihop,2,4,,0.18518518518518517
method,0.0,0.0,0.0,0.1111111111111111,0.8808485783007776,0,0.037037037037037035,0.5,0.06896551724137931,0.2222222222222222,0.8808485783007776,2,0.07407407407407407,0.5,0.12903225806451613,0.37037037037037035,0.8808485783007776,4,0.18518518518518517,0.5,0.2702702702702703,0.5185185185185185,0.8808485783007776,10,0.18518518518518517,0.5,0.2702702702702703,0.3442125689091244,10,27,5,0.05,0.25925925925925924,0.25925925925925924,0.25925925925925924,0.1518744807727046,27,0.5185185185185185,14,74.0,1700.0,0.8808485783007776,58.482671829211654,0.968,2000,16,84,0.13002415151975782,444.4267349243164,5.290794463384719,real4d,zombihop,1,4,,0.14814814814814814
method,0.0,0.0,0.0,0.037037037037037035,0.8769035059122329,1,0.0,0.0,0.0,0.14814814814814814,0.8769035059122329,2,0.037037037037037035,0.2,0.0625,0.3333333333333333,0.8769035059122329,5,0.14814814814814814,0.36363636363636365,0.21052631578947367,0.5925925925925926,0.8806855483086073,11,0.14814814814814814,0.36363636363636365,0.21052631578947367,0.337406506809092,11,27,4,0.05,0.37037037037037035,0.37037037037037035,0.37037037037037035,0.1332838671533485,27,0.5925925925925926,16,148.0,1203.0,0.8806855483086073,69.25144199840452,0.9705,2000,16,84,0.13247071730153867,343.12725019454956,4.08484821660178,real4d,zombihop,0,4,,0.18518518518518517
method,0.0,0.0,0.0,0.14814814814814814,0.876328542516019,0,0.07407407407407407,1.0,0.13793103448275862,0.2962962962962963,0.8858662463876056,2,0.14814814814814814,0.8,0.25,0.4074074074074074,0.8858662463876056,5,0.2222222222222222,0.5454545454545454,0.3157894736842105,0.6666666666666666,0.8858662463876056,11,0.2222222222222222,0.5454545454545454,0.3157894736842105,0.32884865010365666,11,27,6,0.05,0.4074074074074074,0.4074074074074074,0.4074074074074074,0.12609675322437658,27,0.6666666666666666,18,9.0,1174.0,0.8858662463876056,61.242617262879726,0.972,2000,16,84,0.13081064326166816,267.5303375720978,3.1848849710964022,real4d,zombihop,5,4,,0.2962962962962963
method,0.037037037037037035,1.0,0.07142857142857142,0.1111111111111111,0.8698172206463941,1,0.037037037037037035,0.5,0.06896551724137931,0.14814814814814814,0.8698172206463941,2,0.07407407407407407,0.4,0.125,0.3333333333333333,0.87276584740119,5,0.14814814814814814,0.36363636363636365,0.21052631578947367,0.48148148148148145,0.8830997435997484,11,0.14814814814814814,0.36363636363636365,0.21052631578947367,0.3380168976842861,11,27,4,0.05,0.37037037037037035,0.37037037037037035,0.37037037037037035,0.12725102394606752,27,0.48148148148148145,13,15.0,1961.0,0.8830997435997484,64.30896772448497,0.974,2000,16,84,0.13046867282488026,314.2068495750427,3.7405577330362227,real4d,zombihop,3,4,,0.14814814814814814
method,0.0,0.0,0.0,0.07407407407407407,0.872483545709941,0,0.0,0.0,0.0,0.2222222222222222,0.872483545709941,2,0.07407407407407407,0.4,0.125,0.25925925925925924,0.872483545709941,5,0.1111111111111111,0.25,0.15384615384615383,0.5925925925925926,0.8885154682257845,12,0.1111111111111111,0.25,0.15384615384615383,0.3212354277984606,12,27,3,0.05,0.1111111111111111,0.1111111111111111,0.1111111111111111,0.13206891878871319,27,0.5925925925925926,16,137.0,1374.0,0.8885154682257845,64.45980130084547,0.977,2000,16,84,0.1285688548970767,182.20386171340942,2.169093591826303,real4d,zombihop,7,4,,0.1111111111111111
method,0.0,0.0,0.0,0.1111111111111111,0.8704564559821883,1,0.037037037037037035,0.5,0.06896551724137931,0.2222222222222222,0.8704564559821883,2,0.07407407407407407,0.4,0.125,0.4074074074074074,0.881197122546769,5,0.18518518518518517,0.4166666666666667,0.2564102564102564,0.5555555555555556,0.881197122546769,12,0.18518518518518517,0.4166666666666667,0.2564102564102564,0.3150624420805639,12,27,5,0.05,0.25925925925925924,0.25925925925925924,0.25925925925925924,0.1440077101288441,27,0.5555555555555556,15,2.0,1500.0,0.881197122546769,61.178723426314455,0.968,2000,16,84,0.1302730856075088,213.28821897506714,2.5391454639888944,real4d,zombihop,6,4,,0.18518518518518517
method,0.0,0.0,0.0,0.037037037037037035,0.8769035059122329,1,0.0,0.0,0.0,0.14814814814814814,0.8769035059122329,2,0.037037037037037035,0.3333333333333333,0.06666666666666667,0.4074074074074074,0.8781530905659701,3,0.07407407407407407,0.3333333333333333,0.12121212121212122,0.6296296296296297,0.8807130908203323,6,0.07407407407407407,0.3333333333333333,0.12121212121212122,0.40992558132968776,6,27,2,0.05,0.3333333333333333,0.3333333333333333,0.3333333333333333,0.13933793089393964,27,0.6296296296296297,17,148.0,1425.0,0.8807130908203323,48.8662769892796,0.9685,2000,16,84,0.131686448664426,427.3069443702698,5.086987432979402,real4d,zombihop_nc5,0,4,,0.1111111111111111
method,0.0,0.0,0.0,0.07407407407407407,0.8781119653900993,1,0.0,0.0,0.0,0.25925925925925924,0.8781119653900993,2,0.037037037037037035,0.2,0.0625,0.3333333333333333,0.8781119653900993,5,0.1111111111111111,0.2727272727272727,0.15789473684210525,0.48148148148148145,0.8810550952099506,11,0.1111111111111111,0.2727272727272727,0.15789473684210525,0.34031309504889556,11,27,3,0.05,0.2222222222222222,0.2222222222222222,0.2222222222222222,0.15657064285542519,27,0.48148148148148145,13,107.0,1619.0,0.8810550952099506,60.28454217386372,0.978,2000,16,84,0.12912853793283408,257.89572644233704,3.0701872195516313,real4d,zombihop,4,4,,0.1111111111111111
method,0.0,0.0,0.0,0.1111111111111111,0.8808485783007776,0,0.0,0.0,0.0,0.14814814814814814,0.8821479842586828,1,0.037037037037037035,0.3333333333333333,0.06666666666666667,0.37037037037037035,0.8821479842586828,3,0.18518518518518517,0.7142857142857143,0.2941176470588235,0.48148148148148145,0.8821479842586828,7,0.18518518518518517,0.7142857142857143,0.2941176470588235,0.381995677910554,7,27,5,0.05,0.3333333333333333,0.3333333333333333,0.3333333333333333,0.14194674618613465,27,0.48148148148148145,13,74.0,1654.0,0.8821479842586828,47.58694796900144,0.976,2000,16,84,0.12871393907579767,251.76749563217163,2.9972320908591863,real4d,zombihop_nc5,1,4,,0.18518518518518517
method,0.037037037037037035,1.0,0.07142857142857142,0.2222222222222222,0.8836939665162082,1,0.07407407407407407,1.0,0.13793103448275862,0.3333333333333333,0.8836939665162082,2,0.14814814814814814,0.8,0.25,0.4074074074074074,0.8836939665162082,5,0.14814814814814814,0.3333333333333333,0.20512820512820512,0.48148148148148145,0.8838291223439178,12,0.14814814814814814,0.3333333333333333,0.20512820512820512,0.3125578441290762,12,27,4,0.05,0.14814814814814814,0.14814814814814814,0.14814814814814814,0.1157889530606089,27,0.48148148148148145,13,54.0,1676.0,0.8838291223439178,65.1960536947594,0.9745,2000,16,84,0.13153869516362662,526.1598010063171,6.263807154837108,real4d,zombihop,8,4,,0.07407407407407407
method,0.037037037037037035,1.0,0.07142857142857142,0.14814814814814814,0.8698172206463941,1,0.037037037037037035,0.5,0.06896551724137931,0.2222222222222222,0.8698172206463941,2,0.037037037037037035,0.3333333333333333,0.06666666666666667,0.3333333333333333,0.8732080512972514,3,0.037037037037037035,0.16666666666666666,0.06060606060606061,0.5555555555555556,0.8763452957437484,6,0.037037037037037035,0.16666666666666666,0.06060606060606061,0.4088326717101139,6,27,1,0.05,0.3333333333333333,0.3333333333333333,0.3333333333333333,0.13681651834123182,27,0.5555555555555556,15,15.0,1476.0,0.8763452957437484,45.928192429725335,0.9715,2000,16,84,0.1278410610510388,539.9645969867706,6.428149964128222,real4d,zombihop_nc5,3,4,,0.07407407407407407
method,0.0,0.0,0.0,0.14814814814814814,0.8748110174253078,0,0.0,0.0,0.0,0.2962962962962963,0.8748110174253078,2,0.037037037037037035,0.3333333333333333,0.06666666666666667,0.37037037037037035,0.8830848357530292,3,0.18518518518518517,0.5555555555555556,0.2777777777777778,0.5925925925925926,0.8830848357530292,9,0.18518518518518517,0.5555555555555556,0.2777777777777778,0.3540055564132662,9,27,5,0.05,0.4074074074074074,0.4074074074074074,0.4074074074074074,0.11047483685924862,27,0.5925925925925926,16,11.0,1294.0,0.8830848357530292,56.38744326086362,0.976,2000,16,84,0.13416145066024218,353.9373369216919,4.2135397252582365,real4d,zombihop_nc5,2,4,,0.25925925925925924
method,0.0,0.0,0.0,0.037037037037037035,0.8653749196020268,1,0.0,0.0,0.0,0.07407407407407407,0.8653749196020268,1,0.07407407407407407,0.6666666666666666,0.13333333333333333,0.2222222222222222,0.8730590496028638,3,0.1111111111111111,0.3,0.16216216216216217,0.5555555555555556,0.8885791864733772,10,0.1111111111111111,0.3,0.16216216216216217,0.34909734494487876,10,27,3,0.05,0.2222222222222222,0.2222222222222222,0.2222222222222222,0.13807820410837393,27,0.5555555555555556,15,137.0,1531.0,0.8885791864733772,60.98598722439527,0.968,2000,16,84,0.13169700290392133,229.3673596382141,2.7305638052168346,real4d,zombihop,9,4,,0.1111111111111111
method,0.0,0.0,0.0,0.1111111111111111,0.8704564559821883,1,0.0,0.0,0.0,0.18518518518518517,0.884262380547535,1,0.0,0.0,0.0,0.3333333333333333,0.884262380547535,2,0.07407407407407407,0.4,0.125,0.5925925925925926,0.884262380547535,5,0.07407407407407407,0.4,0.125,0.4202159716680256,5,27,2,0.05,0.3333333333333333,0.3333333333333333,0.3333333333333333,0.1484802348915546,27,0.5925925925925926,16,2.0,1563.0,0.884262380547535,44.759135789252475,0.97,2000,16,84,0.13061019902444762,423.9777364730835,5.047354005631947,real4d,zombihop_nc5,6,4,,0.18518518518518517
method,0.0,0.0,0.0,0.07407407407407407,0.872483545709941,0,0.0,0.0,0.0,0.14814814814814814,0.8826207393302815,0,0.0,0.0,0.0,0.2962962962962963,0.8826207393302815,2,0.037037037037037035,0.2,0.0625,0.48148148148148145,0.8826207393302815,5,0.037037037037037035,0.2,0.0625,0.41828567586196813,5,27,1,0.05,0.1111111111111111,0.1111111111111111,0.1111111111111111,0.12969245468669935,27,0.48148148148148145,13,137.0,1797.0,0.8826207393302815,41.473537936600295,0.97,2000,16,84,0.12653425929188133,387.26547288894653,4.610303248677935,real4d,zombihop_nc5,7,4,,0.0
method,0.0,0.0,0.0,0.07407407407407407,0.8781119653900993,1,0.0,0.0,0.0,0.25925925925925924,0.8781119653900993,2,0.0,0.0,0.0,0.37037037037037035,0.8781119653900993,2,0.0,0.0,0.0,0.7037037037037037,0.8837475161673729,3,0.0,0.0,0.0,0.4520462592691766,3,27,0,0.05,0.37037037037037035,0.37037037037037035,0.37037037037037035,0.11470423668795995,27,0.7037037037037037,19,107.0,1228.0,0.8837475161673729,50.22858527490735,0.9715,2000,16,84,0.130153230318801,239.27213978767395,2.848477854615166,real4d,zombihop_nc5,4,4,,0.0
posthoc,0.0,0.0,0.0,0.0,0.8818531659533506,68,0.0,0.0,0.0,0.0,0.8818531659533506,68,0.0,0.0,0.0,0.0,0.8818531659533506,68,0.029411764705882353,0.029411764705882353,0.029411764705882353,0.014705882352941176,0.8881865226395036,68,0.029411764705882353,0.029411764705882353,0.029411764705882353,0.19317902572893508,68,68,2,0.05,0.029411764705882353,0.029411764705882353,0.029411764705882353,0.19317902572893508,68,0.014705882352941176,1,1698.0,inf,0.8881865226395036,895.154333063449,0.26,2000,16,84,0.13106628846056426,0.9983057975769043,0.01188459282829648,real6d,random,0,6,,
method,0.0,0.0,0.0,0.14814814814814814,0.876328542516019,0,0.037037037037037035,1.0,0.07142857142857142,0.25925925925925924,0.876328542516019,1,0.1111111111111111,1.0,0.19999999999999998,0.4074074074074074,0.876328542516019,3,0.14814814814814814,0.5,0.22857142857142856,0.5555555555555556,0.8809700872026469,8,0.14814814814814814,0.5,0.22857142857142856,0.37043966884988433,8,27,4,0.05,0.2222222222222222,0.2222222222222222,0.2222222222222222,0.12854579414424533,27,0.5555555555555556,15,9.0,1417.0,0.8809700872026469,59.40290934021803,0.9805,2000,16,84,0.13118312148103667,956.3825435638428,11.385506470998129,real4d,zombihop_nc5,5,4,,0.1111111111111111
posthoc,0.0,0.0,0.0,0.0,0.8842645368985378,68,0.029411764705882353,0.029411764705882353,0.029411764705882353,0.0,0.8939848542457821,68,0.04411764705882353,0.04411764705882353,0.04411764705882353,0.0,0.8939848542457821,68,0.058823529411764705,0.058823529411764705,0.058823529411764705,0.029411764705882353,0.8939848542457821,68,0.058823529411764705,0.058823529411764705,0.058823529411764705,0.20809224256611783,68,68,4,0.05,0.058823529411764705,0.058823529411764705,0.058823529411764705,0.20809224256611783,68,0.029411764705882353,2,1195.0,inf,0.8939848542457821,902.1847653627816,0.2675,2000,16,84,0.12750087458788675,0.8784394264221191,0.010457612219310942,real6d,random,1,6,,
posthoc,0.0,0.0,0.0,0.0,0.8394580933748985,68,0.0,0.0,0.0,0.0,0.845541416338595,68,0.0,0.0,0.0,0.0,0.8816548576359955,68,0.029411764705882353,0.029411764705882353,0.029411764705882353,0.029411764705882353,0.8969819780837833,68,0.029411764705882353,0.029411764705882353,0.029411764705882353,0.19702524767303264,68,68,2,0.05,0.029411764705882353,0.029411764705882353,0.029411764705882353,0.19702524767303264,68,0.029411764705882353,2,1229.0,inf,0.8969819780837833,897.3055772885006,0.2625,2000,16,84,0.1267398498854627,0.9175224304199219,0.010922886076427642,real6d,random,2,6,,
posthoc,0.014705882352941176,0.014705882352941176,0.014705882352941176,0.0,0.8990258383708029,68,0.0,0.0,0.0,0.0,0.8990258383708029,68,0.0,0.0,0.0,0.0,0.8990258383708029,68,0.014705882352941176,0.014705882352941176,0.014705882352941176,0.0,0.8990258383708029,68,0.014705882352941176,0.014705882352941176,0.014705882352941176,0.19269548877116066,68,68,1,0.05,0.014705882352941176,0.014705882352941176,0.014705882352941176,0.19269548877116066,68,0.0,0,inf,inf,0.8990258383708029,899.4430928186235,0.287,2000,16,84,0.12954553203663724,0.9338579177856445,0.011117356164114816,real6d,random,3,6,,
posthoc,0.0,0.0,0.0,0.0,0.8763496805356403,68,0.014705882352941176,0.014705882352941176,0.014705882352941176,0.0,0.8763496805356403,68,0.014705882352941176,0.014705882352941176,0.014705882352941176,0.0,0.8788200805093327,68,0.0,0.0,0.0,0.0,0.8839891073363837,68,0.0,0.0,0.0,0.1646100671565549,68,68,0,0.05,0.0,0.0,0.0,0.1646100671565549,68,0.0,0,inf,inf,0.8839891073363837,889.6764966521837,0.2735,2000,16,84,0.1312076974323679,0.9916372299194336,0.011805205118088495,real6d,random,4,6,,
posthoc,0.0,0.0,0.0,0.0,0.8555790179292704,68,0.0,0.0,0.0,0.0,0.8580504893099341,68,0.0,0.0,0.0,0.0,0.8580504893099341,68,0.014705882352941176,0.014705882352941176,0.014705882352941176,0.029411764705882353,0.903051337981359,68,0.014705882352941176,0.014705882352941176,0.014705882352941176,0.20495975837876312,68,68,1,0.05,0.014705882352941176,0.014705882352941176,0.014705882352941176,0.20495975837876312,68,0.029411764705882353,2,1648.0,inf,0.903051337981359,907.060032196923,0.2575,2000,16,84,0.13226579117741497,0.9329025745391846,0.011105983030228387,real6d,random,5,6,,
posthoc,0.014705882352941176,0.014705882352941176,0.014705882352941176,0.014705882352941176,0.8794150990994873,68,0.014705882352941176,0.014705882352941176,0.014705882352941176,0.014705882352941176,0.8794150990994873,68,0.029411764705882353,0.029411764705882353,0.029411764705882353,0.014705882352941176,0.8794150990994873,68,0.029411764705882353,0.029411764705882353,0.029411764705882353,0.029411764705882353,0.8794150990994873,68,0.029411764705882353,0.029411764705882353,0.029411764705882353,0.19267956431892938,68,68,2,0.05,0.029411764705882353,0.029411764705882353,0.029411764705882353,0.19267956431892938,68,0.029411764705882353,2,229.0,inf,0.8794150990994873,899.6870320777168,0.2655,2000,16,84,0.13052195171769992,1.2713429927825928,0.015135035628364199,real6d,random,6,6,,
posthoc,0.0,0.0,0.0,0.0,0.8311645569612882,68,0.014705882352941176,0.014705882352941176,0.014705882352941176,0.014705882352941176,0.8680001678447327,68,0.014705882352941176,0.014705882352941176,0.014705882352941176,0.014705882352941176,0.8680001678447327,68,0.029411764705882353,0.029411764705882353,0.029411764705882353,0.04411764705882353,0.8739943619485796,68,0.029411764705882353,0.029411764705882353,0.029411764705882353,0.17777605648071532,68,68,2,0.05,0.029411764705882353,0.029411764705882353,0.029411764705882353,0.17777605648071532,68,0.04411764705882353,3,428.0,inf,0.8739943619485796,913.0975335945839,0.234,2000,16,84,0.1325851777698656,0.8957467079162598,0.010663651284717378,real6d,random,7,6,,
posthoc,0.029411764705882353,0.029411764705882353,0.029411764705882353,0.029411764705882353,0.87955153065212,68,0.014705882352941176,0.014705882352941176,0.014705882352941176,0.029411764705882353,0.87955153065212,68,0.014705882352941176,0.014705882352941176,0.014705882352941176,0.029411764705882353,0.87955153065212,68,0.04411764705882353,0.04411764705882353,0.04411764705882353,0.04411764705882353,0.8904334431307918,68,0.04411764705882353,0.04411764705882353,0.04411764705882353,0.1937543409314162,68,68,3,0.05,0.04411764705882353,0.04411764705882353,0.04411764705882353,0.1937543409314162,68,0.04411764705882353,3,148.0,inf,0.8904334431307918,909.8111879034298,0.2615,2000,16,84,0.13062056548884907,0.9198606014251709,0.010950721445537749,real6d,random,8,6,,
posthoc,0.0,0.0,0.0,0.0,0.8656632832916598,68,0.0,0.0,0.0,0.0,0.8656632832916598,68,0.0,0.0,0.0,0.0,0.8656632832916598,68,0.04411764705882353,0.04411764705882353,0.04411764705882353,0.04411764705882353,0.922208190378211,68,0.04411764705882353,0.04411764705882353,0.04411764705882353,0.19249509854171074,68,68,3,0.05,0.04411764705882353,0.04411764705882353,0.04411764705882353,0.19249509854171074,68,0.04411764705882353,3,1678.0,inf,0.922208190378211,903.1741375337806,0.257,2000,16,84,0.12921701071089517,0.9672136306762695,0.011514447984241304,real6d,random,9,6,,
method,0.037037037037037035,1.0,0.07142857142857142,0.2222222222222222,0.8836939665162082,1,0.07407407407407407,1.0,0.13793103448275862,0.3333333333333333,0.8836939665162082,2,0.07407407407407407,0.6666666666666666,0.13333333333333333,0.4444444444444444,0.8836939665162082,3,0.07407407407407407,0.25,0.11428571428571428,0.48148148148148145,0.8885483099782764,8,0.07407407407407407,0.25,0.11428571428571428,0.3768876326520409,8,27,2,0.05,0.25925925925925924,0.25925925925925924,0.25925925925925924,0.13573292704299633,27,0.48148148148148145,13,54.0,1630.0,0.8885483099782764,52.82907716829601,0.9615,2000,16,84,0.13087555562898354,838.9746181964874,9.987793073767708,real4d,zombihop_nc5,8,4,,0.14814814814814814
method,0.0,0.0,0.0,0.07407407407407407,0.8677023677818887,0,0.0,0.0,0.0,0.18518518518518517,0.8802603857783358,0,0.07407407407407407,1.0,0.13793103448275862,0.4444444444444444,0.8825143892029931,2,0.1111111111111111,0.5,0.1818181818181818,0.6296296296296297,0.8825143892029931,6,0.1111111111111111,0.5,0.1818181818181818,0.40344321152387175,6,27,3,0.05,0.4074074074074074,0.4074074074074074,0.4074074074074074,0.1204207904501612,27,0.6296296296296297,17,137.0,1007.0,0.8825143892029931,42.597246940233575,0.966,2000,16,84,0.1302498886038831,378.1480088233948,4.501762009802318,real4d,zombihop_nc5,9,4,,0.18518518518518517
posthoc,0.014705882352941176,0.014705882352941176,0.014705882352941176,0.0,0.8673693787177805,68,0.029411764705882353,0.029411764705882353,0.029411764705882353,0.0,0.886038839837503,68,0.029411764705882353,0.029411764705882353,0.029411764705882353,0.0,0.886038839837503,68,0.029411764705882353,0.029411764705882353,0.029411764705882353,0.0,0.886038839837503,68,0.029411764705882353,0.029411764705882353,0.029411764705882353,0.20177161330748192,68,68,2,0.05,0.029411764705882353,0.029411764705882353,0.029411764705882353,0.20177161330748192,68,0.0,0,inf,inf,0.886038839837503,1109.2951300828138,0.3465,2000,16,84,0.12970453829001924,1744.4816508293152,20.76763870034899,real6d,gp_qucb,0,6,,
posthoc,0.0,0.0,0.0,0.0,0.8267098965630696,68,0.014705882352941176,0.014705882352941176,0.014705882352941176,0.0,0.8675817753475542,68,0.014705882352941176,0.014705882352941176,0.014705882352941176,0.0,0.8675817753475542,68,0.029411764705882353,0.029411764705882353,0.029411764705882353,0.014705882352941176,0.9005302951057497,68,0.029411764705882353,0.029411764705882353,0.029411764705882353,0.2131408319787972,68,68,2,0.05,0.029411764705882353,0.029411764705882353,0.029411764705882353,0.2131408319787972,68,0.014705882352941176,1,1822.0,inf,0.9005302951057497,1135.6104419782885,0.344,2000,16,84,0.12441320935257284,1707.9584512710571,20.332838705607823,real6d,gp_qucb,2,6,,
posthoc,0.0,0.0,0.0,0.0,0.8214259441162775,68,0.014705882352941176,0.014705882352941176,0.014705882352941176,0.0,0.8759700434888007,68,0.029411764705882353,0.029411764705882353,0.029411764705882353,0.014705882352941176,0.899223417087439,68,0.014705882352941176,0.014705882352941176,0.014705882352941176,0.014705882352941176,0.899223417087439,68,0.014705882352941176,0.014705882352941176,0.014705882352941176,0.22846416621394727,68,68,1,0.05,0.014705882352941176,0.014705882352941176,0.014705882352941176,0.22846416621394727,68,0.014705882352941176,1,626.0,inf,0.899223417087439,1105.1353816203427,0.323,2000,16,84,0.12557508038358348,1776.036868572235,21.14329605443137,real6d,gp_qucb,1,6,,
posthoc,0.0,0.0,0.0,0.0,0.8618995611175683,68,0.014705882352941176,0.014705882352941176,0.014705882352941176,0.014705882352941176,0.8932684765074891,68,0.014705882352941176,0.014705882352941176,0.014705882352941176,0.014705882352941176,0.8932684765074891,68,0.014705882352941176,0.014705882352941176,0.014705882352941176,0.014705882352941176,0.8932684765074891,68,0.014705882352941176,0.014705882352941176,0.014705882352941176,0.21868025604817104,68,68,1,0.05,0.014705882352941176,0.014705882352941176,0.014705882352941176,0.21868025604817104,68,0.014705882352941176,1,432.0,inf,0.8932684765074891,1104.3212537322447,0.342,2000,16,84,0.12574972612164992,1742.7363240718842,20.746861000855763,real6d,gp_qucb,3,6,,
posthoc,0.0,0.0,0.0,0.0,0.8534826628568999,68,0.014705882352941176,0.014705882352941176,0.014705882352941176,0.0,0.8559339164956055,68,0.029411764705882353,0.029411764705882353,0.029411764705882353,0.029411764705882353,0.8851450997633783,68,0.014705882352941176,0.014705882352941176,0.014705882352941176,0.029411764705882353,0.8851450997633783,68,0.014705882352941176,0.014705882352941176,0.014705882352941176,0.24141954583963604,68,68,1,0.05,0.014705882352941176,0.014705882352941176,0.014705882352941176,0.24141954583963604,68,0.029411764705882353,2,670.0,inf,0.8851450997633783,1110.248313143789,0.3385,2000,16,84,0.12620442695317338,1769.2325975894928,21.062292828446342,real6d,gp_qucb,4,6,,
posthoc,0.0,0.0,0.0,0.0,0.8555790179292704,68,0.014705882352941176,0.014705882352941176,0.014705882352941176,0.0,0.8609987640505277,68,0.0,0.0,0.0,0.0,0.8609987640505277,68,0.014705882352941176,0.014705882352941176,0.014705882352941176,0.014705882352941176,0.8844991694333637,68,0.014705882352941176,0.014705882352941176,0.014705882352941176,0.2242386064926006,68,68,1,0.05,0.014705882352941176,0.014705882352941176,0.014705882352941176,0.2242386064926006,68,0.014705882352941176,1,1407.0,inf,0.8844991694333637,1112.917686905183,0.335,2000,16,84,0.12879224766464342,1765.858568429947,21.022125814642227,real6d,gp_qucb,5,6,,
posthoc,0.0,0.0,0.0,0.0,0.8799951037405307,68,0.0,0.0,0.0,0.0,0.8799951037405307,68,0.014705882352941176,0.014705882352941176,0.014705882352941176,0.014705882352941176,0.8799951037405307,68,0.04411764705882353,0.04411764705882353,0.04411764705882353,0.029411764705882353,0.8940233357858678,68,0.04411764705882353,0.04411764705882353,0.04411764705882353,0.20858866712641633,68,68,3,0.05,0.04411764705882353,0.04411764705882353,0.04411764705882353,0.20858866712641633,68,0.029411764705882353,2,628.0,inf,0.8940233357858678,1126.278307068222,0.331,2000,16,84,0.12994493523147008,1742.5505838394165,20.744649807612102,real6d,gp_qucb,7,6,,
posthoc,0.0,0.0,0.0,0.0,0.8559527955458766,68,0.0,0.0,0.0,0.0,0.8559527955458766,68,0.014705882352941176,0.014705882352941176,0.014705882352941176,0.0,0.8559527955458766,68,0.029411764705882353,0.029411764705882353,0.029411764705882353,0.014705882352941176,0.8747493437642377,68,0.029411764705882353,0.029411764705882353,0.029411764705882353,0.21826706474856714,68,68,2,0.05,0.029411764705882353,0.029411764705882353,0.029411764705882353,0.21826706474856714,68,0.014705882352941176,1,1366.0,inf,0.8747493437642377,1108.2772123817235,0.3355,2000,16,84,0.12670745460817906,1803.3633584976196,21.46861141068595,real6d,gp_qucb,6,6,,
posthoc,0.0,0.0,0.0,0.0,0.8679801188665408,68,0.014705882352941176,0.014705882352941176,0.014705882352941176,0.0,0.890790019552585,68,0.04411764705882353,0.04411764705882353,0.04411764705882353,0.014705882352941176,0.890790019552585,68,0.058823529411764705,0.058823529411764705,0.058823529411764705,0.029411764705882353,0.890790019552585,68,0.058823529411764705,0.058823529411764705,0.058823529411764705,0.21625584477043985,68,68,4,0.05,0.058823529411764705,0.058823529411764705,0.058823529411764705,0.21625584477043985,68,0.029411764705882353,2,968.0,inf,0.890790019552585,1113.3306903215584,0.3435,2000,16,84,0.12760320977525574,1765.5613234043121,21.018587183384668,real6d,gp_qucb,8,6,,
posthoc,0.0,0.0,0.0,0.0,0.843988317288918,68,0.0,0.0,0.0,0.0,0.8726062793596671,68,0.0,0.0,0.0,0.0,0.8726062793596671,68,0.04411764705882353,0.04411764705882353,0.04411764705882353,0.014705882352941176,0.8976553996131071,68,0.04411764705882353,0.04411764705882353,0.04411764705882353,0.20206866311257318,68,68,3,0.05,0.04411764705882353,0.04411764705882353,0.04411764705882353,0.20206866311257318,68,0.014705882352941176,1,1068.0,inf,0.8976553996131071,1119.0140473954773,0.307,2000,16,84,0.1278806551952822,1727.852376461029,20.569671148345584,real6d,gp_qucb,9,6,,
posthoc,0.014705882352941176,0.014705882352941176,0.014705882352941176,0.0,0.858374270518674,68,0.0,0.0,0.0,0.0,0.858374270518674,68,0.0,0.0,0.0,0.0,0.8585918766858502,68,0.014705882352941176,0.014705882352941176,0.014705882352941176,0.014705882352941176,0.8941458354671147,68,0.014705882352941176,0.014705882352941176,0.014705882352941176,0.21513128211189342,68,68,1,0.05,0.014705882352941176,0.014705882352941176,0.014705882352941176,0.21513128211189342,68,0.014705882352941176,1,1088.0,inf,0.8941458354671147,967.9706525541765,0.3895,2000,16,84,0.12868417923814623,2134.847842693329,25.414855270158675,real6d,gp_qlogei,0,6,,
posthoc,0.014705882352941176,0.014705882352941176,0.014705882352941176,0.0,0.842450652634325,68,0.029411764705882353,0.029411764705882353,0.029411764705882353,0.014705882352941176,0.8695939705636501,68,0.029411764705882353,0.029411764705882353,0.029411764705882353,0.014705882352941176,0.8695939705636501,68,0.08823529411764706,0.08823529411764706,0.08823529411764706,0.08823529411764706,0.8862088002331094,68,0.08823529411764706,0.08823529411764706,0.08823529411764706,0.169719373799913,68,68,6,0.05,0.08823529411764706,0.08823529411764706,0.08823529411764706,0.169719373799913,68,0.08823529411764706,6,402.0,inf,0.8862088002331094,967.3160796851668,0.436,2000,16,84,0.12494231977368295,2138.343812942505,25.456473963601248,real6d,gp_qlogei,2,6,,
posthoc,0.0,0.0,0.0,0.0,0.8553684848008436,68,0.029411764705882353,0.029411764705882353,0.029411764705882353,0.029411764705882353,0.9011723709916081,68,0.04411764705882353,0.04411764705882353,0.04411764705882353,0.04411764705882353,0.9011723709916081,68,0.058823529411764705,0.058823529411764705,0.058823529411764705,0.04411764705882353,0.9011723709916081,68,0.058823529411764705,0.058823529411764705,0.058823529411764705,0.23114317344997048,68,68,4,0.05,0.058823529411764705,0.058823529411764705,0.058823529411764705,0.23114317344997048,68,0.04411764705882353,3,459.0,inf,0.9011723709916081,934.0177324947377,0.4295,2000,16,84,0.1263371006000177,2246.2353944778442,26.74089755330767,real6d,gp_qlogei,1,6,,
posthoc,0.014705882352941176,0.014705882352941176,0.014705882352941176,0.014705882352941176,0.8900359555881161,68,0.014705882352941176,0.014705882352941176,0.014705882352941176,0.014705882352941176,0.8932684765074891,68,0.014705882352941176,0.014705882352941176,0.014705882352941176,0.014705882352941176,0.8932684765074891,68,0.014705882352941176,0.014705882352941176,0.014705882352941176,0.014705882352941176,0.8932684765074891,68,0.014705882352941176,0.014705882352941176,0.014705882352941176,0.19321088668451136,68,68,1,0.05,0.014705882352941176,0.014705882352941176,0.014705882352941176,0.19321088668451136,68,0.014705882352941176,1,89.0,inf,0.8932684765074891,947.3604280192677,0.4715,2000,16,84,0.12643883649386364,2341.7864983081818,27.87841069414502,real6d,gp_qlogei,3,6,,
posthoc,0.0,0.0,0.0,0.0,0.8534826628568999,68,0.0,0.0,0.0,0.0,0.8738310846256488,68,0.0,0.0,0.0,0.0,0.8748184569799227,68,0.0,0.0,0.0,0.0,0.8748184569799227,68,0.0,0.0,0.0,0.1923912794791413,68,68,0,0.05,0.0,0.0,0.0,0.1923912794791413,68,0.0,0,inf,inf,0.8748184569799227,954.9286426651556,0.4715,2000,16,84,0.12870474857023662,2378.8511834144592,28.31965694541023,real6d,gp_qlogei,4,6,,
posthoc,0.0,0.0,0.0,0.0,0.8555790179292704,68,0.0,0.0,0.0,0.0,0.8555790179292704,68,0.0,0.0,0.0,0.0,0.8765324887234908,68,0.029411764705882353,0.029411764705882353,0.029411764705882353,0.0,0.8765324887234908,68,0.029411764705882353,0.029411764705882353,0.029411764705882353,0.20712122645594686,68,68,2,0.05,0.029411764705882353,0.029411764705882353,0.029411764705882353,0.20712122645594686,68,0.0,0,inf,inf,0.8765324887234908,1016.9374776234461,0.354,2000,16,84,0.12968427363374743,2725.8567640781403,32.450675762835004,real6d,gp_qlogei,5,6,,
posthoc,0.0,0.0,0.0,0.0,0.8427768404275425,68,0.0,0.0,0.0,0.0,0.8427768404275425,68,0.0,0.0,0.0,0.0,0.8427768404275425,68,0.014705882352941176,0.014705882352941176,0.014705882352941176,0.014705882352941176,0.8861119857563705,68,0.014705882352941176,0.014705882352941176,0.014705882352941176,0.21988129226206038,68,68,1,0.05,0.014705882352941176,0.014705882352941176,0.014705882352941176,0.21988129226206038,68,0.014705882352941176,1,1703.0,inf,0.8861119857563705,1046.196950149968,0.353,2000,16,84,0.12784173319397207,2747.8567168712616,32.71257996275311,real6d,gp_qlogei,6,6,,
posthoc,0.0,0.0,0.0,0.0,0.8469287837746213,68,0.014705882352941176,0.014705882352941176,0.014705882352941176,0.0,0.8624825605935666,68,0.04411764705882353,0.04411764705882353,0.04411764705882353,0.029411764705882353,0.8822206777880937,68,0.058823529411764705,0.058823529411764705,0.058823529411764705,0.029411764705882353,0.8822206777880937,68,0.058823529411764705,0.058823529411764705,0.058823529411764705,0.19908476246540116,68,68,4,0.05,0.058823529411764705,0.058823529411764705,0.058823529411764705,0.19908476246540116,68,0.029411764705882353,2,540.0,inf,0.8822206777880937,1021.2309594387559,0.4095,2000,16,84,0.12853850343911424,2789.857173204422,33.21258539529074,real6d,gp_qlogei,7,6,,
posthoc,0.0,0.0,0.0,0.0,0.858374270518674,68,0.0,0.0,0.0,0.0,0.858374270518674,68,0.0,0.0,0.0,0.0,0.8798146632870256,68,0.0,0.0,0.0,0.0,0.8798146632870256,68,0.0,0.0,0.0,0.1896899475155045,68,68,0,0.05,0.0,0.0,0.0,0.1896899475155045,68,0.0,0,inf,inf,0.8798146632870256,817.3649737415225,0.4045,2000,16,84,0.12961894899771018,381.5708866119385,4.542510554904029,real6d,gp_ts,0,6,,
posthoc,0.0,0.0,0.0,0.0,0.8307743687668083,68,0.0,0.0,0.0,0.0,0.8482964703782868,68,0.014705882352941176,0.014705882352941176,0.014705882352941176,0.0,0.8830408064852231,68,0.014705882352941176,0.014705882352941176,0.014705882352941176,0.0,0.8952647687488633,68,0.014705882352941176,0.014705882352941176,0.014705882352941176,0.2337544486008805,68,68,1,0.05,0.014705882352941176,0.014705882352941176,0.014705882352941176,0.2337544486008805,68,0.0,0,inf,inf,0.8952647687488633,819.1219874487226,0.371,2000,16,84,0.1266562995403316,398.5748100280762,4.744938214619954,real6d,gp_ts,1,6,,
posthoc,0.0,0.0,0.0,0.0,0.8679801188665408,68,0.0,0.0,0.0,0.0,0.8679801188665408,68,0.014705882352941176,0.014705882352941176,0.014705882352941176,0.014705882352941176,0.8813336401559393,68,0.029411764705882353,0.029411764705882353,0.029411764705882353,0.058823529411764705,0.8827957952800997,68,0.029411764705882353,0.029411764705882353,0.029411764705882353,0.2085497166077386,68,68,2,0.05,0.029411764705882353,0.029411764705882353,0.029411764705882353,0.2085497166077386,68,0.058823529411764705,4,853.0,inf,0.8827957952800997,965.3982421762099,0.406,2000,16,84,0.12796611900258184,2825.1387507915497,33.63260417608988,real6d,gp_qlogei,8,6,,
posthoc,0.0,0.0,0.0,0.0,0.8537590179421364,68,0.014705882352941176,0.014705882352941176,0.014705882352941176,0.014705882352941176,0.8820741068849773,68,0.014705882352941176,0.014705882352941176,0.014705882352941176,0.029411764705882353,0.8845184261358043,68,0.029411764705882353,0.029411764705882353,0.029411764705882353,0.058823529411764705,0.8845184261358043,68,0.029411764705882353,0.029411764705882353,0.029411764705882353,0.19863563925246916,68,68,2,0.05,0.029411764705882353,0.029411764705882353,0.029411764705882353,0.19863563925246916,68,0.058823529411764705,4,307.0,inf,0.8845184261358043,811.9271818816219,0.372,2000,16,84,0.12385649042773722,376.26359963417053,4.479328567073459,real6d,gp_ts,2,6,,
posthoc,0.014705882352941176,0.014705882352941176,0.014705882352941176,0.0,0.8659383725488831,68,0.029411764705882353,0.029411764705882353,0.029411764705882353,0.0,0.8659383725488831,68,0.04411764705882353,0.04411764705882353,0.04411764705882353,0.029411764705882353,0.8730144313149891,68,0.029411764705882353,0.029411764705882353,0.029411764705882353,0.029411764705882353,0.8730144313149891,68,0.029411764705882353,0.029411764705882353,0.029411764705882353,0.21350943002908102,68,68,2,0.05,0.029411764705882353,0.029411764705882353,0.029411764705882353,0.21350943002908102,68,0.029411764705882353,2,779.0,inf,0.8730144313149891,985.4501157324033,0.4285,2000,16,84,0.12803499894454598,2756.603820323944,32.81671214671362,real6d,gp_qlogei,9,6,,
posthoc,0.0,0.0,0.0,0.0,0.8618995611175683,68,0.014705882352941176,0.014705882352941176,0.014705882352941176,0.0,0.8656086209863659,68,0.029411764705882353,0.029411764705882353,0.029411764705882353,0.0,0.8726304484233018,68,0.0,0.0,0.0,0.0,0.896401194390714,68,0.0,0.0,0.0,0.17507758750867383,68,68,0,0.05,0.0,0.0,0.0,0.17507758750867383,68,0.0,0,inf,inf,0.896401194390714,817.9225333386752,0.3965,2000,16,84,0.12493877378608029,460.7320339679718,5.484905166285379,real6d,gp_ts,3,6,,
posthoc,0.0,0.0,0.0,0.0,0.8534826628568999,68,0.0,0.0,0.0,0.0,0.8641088068771637,68,0.0,0.0,0.0,0.0,0.8641088068771637,68,0.029411764705882353,0.029411764705882353,0.029411764705882353,0.04411764705882353,0.8813468863899838,68,0.029411764705882353,0.029411764705882353,0.029411764705882353,0.19167771251602636,68,68,2,0.05,0.029411764705882353,0.029411764705882353,0.029411764705882353,0.19167771251602636,68,0.04411764705882353,3,1282.0,inf,0.8813468863899838,799.7940224129184,0.363,2000,16,84,0.12925329930345916,476.5137939453125,5.67278326125372,real6d,gp_ts,4,6,,
posthoc,0.0,0.0,0.0,0.0,0.8555790179292704,68,0.0,0.0,0.0,0.0,0.8555790179292704,68,0.014705882352941176,0.014705882352941176,0.014705882352941176,0.0,0.8555790179292704,68,0.014705882352941176,0.014705882352941176,0.014705882352941176,0.014705882352941176,0.8699091134140358,68,0.014705882352941176,0.014705882352941176,0.014705882352941176,0.20045650863542702,68,68,1,0.05,0.014705882352941176,0.014705882352941176,0.014705882352941176,0.20045650863542702,68,0.014705882352941176,1,1145.0,inf,0.8699091134140358,811.1568669429627,0.374,2000,16,84,0.12855009258233774,468.8289384841919,5.58129688671657,real6d,gp_ts,5,6,,
posthoc,0.0,0.0,0.0,0.0,0.8453965160776789,68,0.0,0.0,0.0,0.0,0.8545450314478324,68,0.0,0.0,0.0,0.014705882352941176,0.8696137017926217,68,0.0,0.0,0.0,0.014705882352941176,0.8696137017926217,68,0.0,0.0,0.0,0.22102755552987322,68,68,0,0.05,0.0,0.0,0.0,0.22102755552987322,68,0.014705882352941176,1,735.0,inf,0.8696137017926217,815.8890959657431,0.352,2000,16,84,0.1280676576916916,506.11427450180054,6.025169934545245,real6d,gp_ts,6,6,,
posthoc,0.0,0.0,0.0,0.0,0.8583841898346177,68,0.014705882352941176,0.014705882352941176,0.014705882352941176,0.0,0.8583841898346177,68,0.0,0.0,0.0,0.014705882352941176,0.8666604087355188,68,0.014705882352941176,0.014705882352941176,0.014705882352941176,0.04411764705882353,0.8862019456877531,68,0.014705882352941176,0.014705882352941176,0.014705882352941176,0.23714457778467424,68,68,1,0.05,0.014705882352941176,0.014705882352941176,0.014705882352941176,0.23714457778467424,68,0.04411764705882353,3,560.0,inf,0.8862019456877531,822.7321433288164,0.383,2000,16,84,0.1299301922825939,450.02299189567566,5.357416570186615,real6d,gp_ts,7,6,,
posthoc,0.014705882352941176,0.014705882352941176,0.014705882352941176,0.014705882352941176,0.8825112735982985,68,0.014705882352941176,0.014705882352941176,0.014705882352941176,0.014705882352941176,0.8825112735982985,68,0.029411764705882353,0.029411764705882353,0.029411764705882353,0.014705882352941176,0.8825112735982985,68,0.0,0.0,0.0,0.014705882352941176,0.8825112735982985,68,0.0,0.0,0.0,0.17972874818627615,68,68,0,0.05,0.0,0.0,0.0,0.17972874818627615,68,0.014705882352941176,1,221.0,inf,0.8825112735982985,816.663185236556,0.349,2000,16,84,0.12882840189523437,492.1195993423462,5.8585666588374545,real6d,gp_ts,8,6,,
posthoc,0.014705882352941176,0.014705882352941176,0.014705882352941176,0.0,0.8849668193642023,68,0.029411764705882353,0.029411764705882353,0.029411764705882353,0.0,0.9163901834258901,68,0.04411764705882353,0.04411764705882353,0.04411764705882353,0.014705882352941176,0.9163901834258901,68,0.04411764705882353,0.04411764705882353,0.04411764705882353,0.014705882352941176,0.9163901834258901,68,0.04411764705882353,0.04411764705882353,0.04411764705882353,0.18243361798156668,68,68,3,0.05,0.04411764705882353,0.04411764705882353,0.04411764705882353,0.18243361798156668,68,0.014705882352941176,1,974.0,inf,0.9163901834258901,829.2196775026746,0.364,2000,16,84,0.12803312430965738,437.5590889453888,5.20903677315939,real6d,gp_ts,9,6,,
method,0.0,0.0,0.0,0.0,0.8534826628568999,1,0.0,0.0,0.0,0.0,0.8534826628568999,2,0.014705882352941176,0.25,0.027777777777777776,0.0,0.8612001148139634,4,0.014705882352941176,0.1111111111111111,0.025974025974025972,0.0,0.8612001148139634,9,0.014705882352941176,0.1111111111111111,0.025974025974025972,0.4535541634076329,9,68,1,0.05,0.014705882352941176,0.014705882352941176,0.014705882352941176,0.2190361188960341,68,0.0,0,inf,inf,0.8612001148139634,62.25699194281671,0.3875,2000,16,84,0.12711844296458402,2805.38019657135,33.397383292516075,real6d,zombihop,4,6,,0.014705882352941176
method,0.0,0.0,0.0,0.0,0.8618995611175683,1,0.0,0.0,0.0,0.0,0.8618995611175683,2,0.0,0.0,0.0,0.014705882352941176,0.8910877765217304,4,0.014705882352941176,0.1111111111111111,0.025974025974025972,0.014705882352941176,0.8910877765217304,9,0.014705882352941176,0.1111111111111111,0.025974025974025972,0.45292902879917174,9,68,1,0.05,0.029411764705882353,0.029411764705882353,0.029411764705882353,0.20264922207731548,68,0.014705882352941176,1,852.0,inf,0.8910877765217304,63.46154468939773,0.353,2000,16,84,0.13092850456006905,2664.714590072632,31.722792738959903,real6d,zombihop,3,6,,0.014705882352941176
method,0.0,0.0,0.0,0.0,0.8370892688235426,1,0.0,0.0,0.0,0.0,0.8615996166791963,2,0.0,0.0,0.0,0.0,0.8974269149789874,4,0.0,0.0,0.0,0.0,0.8974269149789874,9,0.0,0.0,0.0,0.4622919110623529,9,68,0,0.05,0.029411764705882353,0.029411764705882353,0.029411764705882353,0.20976073582089128,68,0.0,0,inf,inf,0.8974269149789874,63.830858757830306,0.3395,2000,16,84,0.1299925047200996,2995.0941083431244,35.655882242180056,real6d,zombihop,2,6,,0.0
method,0.0,0.0,0.0,0.0,0.8531706627888239,1,0.0,0.0,0.0,0.0,0.8845980622471411,2,0.0,0.0,0.0,0.014705882352941176,0.8892802788663116,4,0.0,0.0,0.0,0.014705882352941176,0.8892802788663116,8,0.0,0.0,0.0,0.4578093421631286,8,68,0,0.05,0.04411764705882353,0.04411764705882353,0.04411764705882353,0.22661772181155745,68,0.014705882352941176,1,896.0,inf,0.8892802788663116,61.24704763444049,0.3765,2000,16,84,0.13010025627521446,2906.3382227420807,34.59926455645334,real6d,zombihop,1,6,,0.0
method,0.0,0.0,0.0,0.0,0.8603794789313762,1,0.0,0.0,0.0,0.0,0.8603794789313762,2,0.0,0.0,0.0,0.0,0.8740192523868793,4,0.0,0.0,0.0,0.0,0.8897790266423156,9,0.0,0.0,0.0,0.45045341367541514,9,68,0,0.05,0.014705882352941176,0.014705882352941176,0.014705882352941176,0.20447827059729995,68,0.0,0,inf,inf,0.8897790266423156,60.17450020510939,0.393,2000,16,84,0.12716056174604054,2647.5164053440094,31.51805244457154,real6d,zombihop,0,6,,0.0
method,0.0,0.0,0.0,0.0,0.8555790179292704,1,0.0,0.0,0.0,0.0,0.8750864630265394,2,0.0,0.0,0.0,0.014705882352941176,0.886247981944492,3,0.0,0.0,0.0,0.014705882352941176,0.886247981944492,8,0.0,0.0,0.0,0.45423321888177715,8,68,0,0.05,0.014705882352941176,0.014705882352941176,0.014705882352941176,0.24080850625082953,68,0.014705882352941176,1,960.0,inf,0.886247981944492,60.67352194719605,0.401,2000,16,84,0.12562963683568187,2286.448296546936,27.219622577939713,real6d,zombihop,5,6,,0.0
method,0.014705882352941176,1.0,0.028985507246376812,0.0,0.8872156912312901,1,0.014705882352941176,0.5,0.028571428571428574,0.0,0.8872156912312901,2,0.014705882352941176,0.3333333333333333,0.028169014084507043,0.0,0.8872156912312901,3,0.029411764705882353,0.25,0.05263157894736842,0.029411764705882353,0.8872156912312901,8,0.029411764705882353,0.25,0.05263157894736842,0.4586127650320507,8,68,2,0.05,0.04411764705882353,0.04411764705882353,0.04411764705882353,0.21593212417492863,68,0.029411764705882353,2,1319.0,inf,0.8872156912312901,56.01672570008452,0.401,2000,16,84,0.12998345567976852,1840.6508421897888,21.912510026068915,real6d,zombihop,7,6,,0.029411764705882353
method,0.0,0.0,0.0,0.0,0.8975042601031511,1,0.0,0.0,0.0,0.0,0.8975042601031511,2,0.0,0.0,0.0,0.0,0.8975042601031511,5,0.0,0.0,0.0,0.014705882352941176,0.8975042601031511,9,0.0,0.0,0.0,0.457741372480785,9,68,0,0.05,0.0,0.0,0.0,0.20900697321425146,68,0.014705882352941176,1,1269.0,inf,0.8975042601031511,65.82236728257942,0.401,2000,16,84,0.1282832929174741,2014.974422454834,23.98779074350993,real6d,zombihop,8,6,,0.0
method,0.0,0.0,0.0,0.0,0.843988317288918,1,0.0,0.0,0.0,0.0,0.843988317288918,2,0.0,0.0,0.0,0.014705882352941176,0.868819195026954,4,0.0,0.0,0.0,0.04411764705882353,0.874028509420288,8,0.0,0.0,0.0,0.4536764025735197,8,68,0,0.05,0.04411764705882353,0.04411764705882353,0.04411764705882353,0.2234132507488997,68,0.04411764705882353,3,589.0,inf,0.874028509420288,61.347083372579206,0.4055,2000,16,84,0.12986847138840962,2606.0160009860992,31.024000011739275,real6d,zombihop,9,6,,0.014705882352941176
method,0.0,0.0,0.0,0.0,0.8722003429136912,1,0.0,0.0,0.0,0.0,0.8783685268046876,2,0.0,0.0,0.0,0.0,0.8783685268046876,5,0.0,0.0,0.0,0.0,0.8783685268046876,9,0.0,0.0,0.0,0.4557119130111267,9,68,0,0.05,0.029411764705882353,0.029411764705882353,0.029411764705882353,0.20706372411823434,68,0.0,0,inf,inf,0.8783685268046876,58.57641548010225,0.3765,2000,16,84,0.1295786695834126,2030.3743641376495,24.171123382591066,real6d,zombihop,6,6,,0.014705882352941176
method,0.0,0.0,0.0,0.0,0.8370892688235426,1,0.0,0.0,0.0,0.0,0.8886519083005577,2,0.0,0.0,0.0,0.0,0.8886519083005577,5,0.0,0.0,0.0,0.0,0.8886519083005577,10,0.0,0.0,0.0,0.4534199199583868,10,68,0,0.05,0.014705882352941176,0.014705882352941176,0.014705882352941176,0.24502799426704017,68,0.0,0,inf,inf,0.8886519083005577,61.97116332261235,0.3755,2000,16,84,0.13016459546502715,2973.0023221969604,35.39288478805905,real6d,zombihop_nc5,2,6,,0.0
method,0.0,0.0,0.0,0.0,0.8603794789313762,1,0.0,0.0,0.0,0.0,0.8603794789313762,2,0.0,0.0,0.0,0.0,0.8655574208735447,2,0.014705882352941176,0.14285714285714285,0.026666666666666665,0.0,0.8655574208735447,7,0.014705882352941176,0.14285714285714285,0.026666666666666665,0.46468868562892374,7,68,1,0.05,0.029411764705882353,0.029411764705882353,0.029411764705882353,0.21027624627697,68,0.0,0,inf,inf,0.8655574208735447,57.65085597961303,0.387,2000,16,84,0.12686810589690029,2327.25585436821,27.705426837716782,real6d,zombihop_nc5,0,6,,0.014705882352941176
method,0.0,0.0,0.0,0.0,0.8618995611175683,1,0.0,0.0,0.0,0.0,0.8647927381787476,2,0.0,0.0,0.0,0.014705882352941176,0.8753749488782815,4,0.0,0.0,0.0,0.014705882352941176,0.8753749488782815,7,0.0,0.0,0.0,0.46140292423916396,7,68,0,0.05,0.0,0.0,0.0,0.211143166367847,68,0.014705882352941176,1,943.0,inf,0.8753749488782815,65.00089874742463,0.4045,2000,16,84,0.1312673491433526,2341.1355040073395,27.870660761992138,real6d,zombihop_nc5,3,6,,0.0
method,0.0,0.0,0.0,0.0,0.8531706627888239,1,0.0,0.0,0.0,0.0,0.8531706627888239,1,0.0,0.0,0.0,0.0,0.8800125212422594,3,0.0,0.0,0.0,0.0,0.8800125212422594,5,0.0,0.0,0.0,0.4752912648366139,5,68,0,0.05,0.0,0.0,0.0,0.22018824394530004,68,0.0,0,inf,inf,0.8800125212422594,58.48177356013398,0.3765,2000,16,84,0.12959447425967446,1919.6899063587189,22.853451266175224,real6d,zombihop_nc5,1,6,,0.0
method,0.0,0.0,0.0,0.0,0.8534826628568999,1,0.0,0.0,0.0,0.0,0.8534826628568999,2,0.0,0.0,0.0,0.0,0.8534826628568999,2,0.0,0.0,0.0,0.014705882352941176,0.8578256471571123,7,0.0,0.0,0.0,0.4587336466752463,7,68,0,0.05,0.014705882352941176,0.014705882352941176,0.014705882352941176,0.23079669410169437,68,0.014705882352941176,1,1095.0,inf,0.8578256471571123,63.76730366604079,0.4055,2000,16,84,0.12748636265193625,2588.305852651596,30.813164912519,real6d,zombihop_nc5,4,6,,0.014705882352941176
method,0.0,0.0,0.0,0.0,0.8555790179292704,1,0.0,0.0,0.0,0.0,0.8750864630265394,2,0.0,0.0,0.0,0.0,0.8750864630265394,4,0.0,0.0,0.0,0.0,0.8750864630265394,9,0.0,0.0,0.0,0.45306424630288505,9,68,0,0.05,0.0,0.0,0.0,0.24671325360238128,68,0.0,0,inf,inf,0.8750864630265394,58.09730172547604,0.4135,2000,16,84,0.1251052978583621,2584.3460252285004,30.7660241098631,real6d,zombihop_nc5,5,6,,0.0
method,0.0,0.0,0.0,0.0,0.8722003429136912,1,0.0,0.0,0.0,0.0,0.8783685268046876,2,0.0,0.0,0.0,0.0,0.8909191838821793,4,0.0,0.0,0.0,0.0,0.8909191838821793,7,0.0,0.0,0.0,0.464585700333325,7,68,0,0.05,0.0,0.0,0.0,0.23232343553225546,68,0.0,0,inf,inf,0.8909191838821793,61.087414697434085,0.37,2000,16,84,0.12913318302071589,2073.0868968963623,24.679605915432884,real6d,zombihop_nc5,6,6,,0.0
method,0.014705882352941176,1.0,0.028985507246376812,0.0,0.8872156912312901,1,0.014705882352941176,0.5,0.028571428571428574,0.014705882352941176,0.8972214133044843,2,0.014705882352941176,0.25,0.027777777777777776,0.014705882352941176,0.8972214133044843,4,0.014705882352941176,0.16666666666666666,0.02702702702702703,0.014705882352941176,0.8972214133044843,6,0.014705882352941176,0.16666666666666666,0.02702702702702703,0.46240867920661566,6,68,1,0.05,0.029411764705882353,0.029411764705882353,0.029411764705882353,0.231680851797077,68,0.014705882352941176,1,499.0,inf,0.8972214133044843,61.44239220026593,0.3975,2000,16,84,0.1299303478075911,1875.0389351844788,22.32189208552951,real6d,zombihop_nc5,7,6,,0.014705882352941176
method,0.0,0.0,0.0,0.0,0.8975042601031511,1,0.0,0.0,0.0,0.0,0.8975042601031511,2,0.0,0.0,0.0,0.0,0.8975042601031511,4,0.0,0.0,0.0,0.0,0.8975042601031511,8,0.0,0.0,0.0,0.45924190454577596,8,68,0,0.05,0.029411764705882353,0.029411764705882353,0.029411764705882353,0.21551302125316046,68,0.0,0,inf,inf,0.8975042601031511,60.03224524169054,0.4005,2000,16,84,0.1275776610981273,1731.7283010482788,20.615813107717607,real6d,zombihop_nc5,8,6,,0.0
method,0.0,0.0,0.0,0.0,0.843988317288918,1,0.0,0.0,0.0,0.0,0.843988317288918,2,0.0,0.0,0.0,0.0,0.8687026616533269,4,0.0,0.0,0.0,0.0,0.8687026616533269,8,0.0,0.0,0.0,0.4571587585509846,8,68,0,0.05,0.0,0.0,0.0,0.22901494517910814,68,0.0,0,inf,inf,0.8687026616533269,60.36362275318946,0.4,2000,16,84,0.1304831821349886,1690.2010595798492,20.121441185474396,real6d,zombihop_nc5,9,6,,0.0
method,0.07142857142857142,0.5,0.125,0.5,0.7241491436708273,2,0.14285714285714285,0.5,0.22222222222222224,0.8571428571428571,0.7532617926764109,4,0.14285714285714285,0.5,0.22222222222222224,0.9285714285714286,0.7532617926764109,4,0.2857142857142857,0.6666666666666666,0.4,0.9285714285714286,0.7532617926764109,6,0.2857142857142857,0.6666666666666666,0.4,0.29980393795331,6,14,4,0.05,0.7142857142857143,0.7142857142857143,0.7142857142857143,0.05586108257146873,14,0.9285714285714286,13,16.0,238.0,0.7532617926764109,120.85575383676965,1.0,2000,16,84,0.13648499325122534,455.50112199783325,5.4226324047361105,real3d,zombihop_mz0,4,3,,0.35714285714285715
method,0.14285714285714285,1.0,0.25,0.6428571428571429,0.7684252524266795,2,0.2857142857142857,1.0,0.4444444444444445,0.8571428571428571,0.7684252524266795,4,0.2857142857142857,1.0,0.4444444444444445,0.9285714285714286,0.7684252524266795,4,0.35714285714285715,1.0,0.5263157894736842,1.0,0.7684252524266795,5,0.35714285714285715,1.0,0.5263157894736842,0.32839154983812296,5,14,5,0.05,0.5,0.5,0.5,0.09547165912403331,14,1.0,14,4.0,75.0,0.7684252524266795,116.63892969553825,1.0,2000,16,84,0.13748476029545825,484.2473177909851,5.764849021321251,real3d,zombihop_mz0,2,3,,0.21428571428571427
method,0.14285714285714285,1.0,0.25,0.6428571428571429,0.7611212746031304,2,0.14285714285714285,1.0,0.25,0.8571428571428571,0.7641452955381011,2,0.14285714285714285,1.0,0.25,0.8571428571428571,0.7641452955381011,2,0.14285714285714285,0.6666666666666666,0.23529411764705882,0.9285714285714286,0.7641452955381011,3,0.14285714285714285,0.6666666666666666,0.23529411764705882,0.40559286871787814,3,14,2,0.05,0.5714285714285714,0.5714285714285714,0.5714285714285714,0.06061963311509476,14,0.9285714285714286,13,11.0,96.0,0.7641452955381011,116.20843863322018,1.0,2000,16,84,0.1342144165979685,491.92870259284973,5.8562940784863065,real3d,zombihop_mz0,3,3,,0.14285714285714285
method,0.14285714285714285,1.0,0.25,0.6428571428571429,0.726216332247428,2,0.21428571428571427,0.6,0.3157894736842105,0.7857142857142857,0.726216332247428,5,0.42857142857142855,0.5454545454545454,0.4799999999999999,0.7857142857142857,0.726216332247428,11,0.5714285714285714,0.6153846153846154,0.5925925925925927,0.9285714285714286,0.7295008168294598,13,0.5714285714285714,0.6153846153846154,0.5925925925925927,0.10223443761134073,13,14,8,0.05,0.7142857142857143,0.7142857142857143,0.7142857142857143,0.07101241139547378,14,0.9285714285714286,13,7.0,112.0,0.7295008168294598,116.14184427905802,1.0,2000,16,84,0.13243548902343388,866.1029336452484,10.31074921006248,real3d,zombihop_mz0,0,3,,0.6428571428571429
method,0.14285714285714285,1.0,0.25,0.6428571428571429,0.7537526738230633,2,0.21428571428571427,1.0,0.35294117647058826,0.7857142857142857,0.7537526738230633,3,0.2857142857142857,1.0,0.4444444444444445,0.9285714285714286,0.7537526738230633,4,0.2857142857142857,0.36363636363636365,0.32,1.0,0.7538720504077043,11,0.2857142857142857,0.36363636363636365,0.32,0.1775137045095969,11,14,4,0.05,0.35714285714285715,0.35714285714285715,0.35714285714285715,0.1125131141418723,14,1.0,14,1.0,52.0,0.7538720504077043,116.19499425150832,1.0,2000,16,84,0.13456679447535605,877.2267673015594,10.44317580120904,real3d,zombihop_mz0,1,3,,0.35714285714285715
method,0.07142857142857142,1.0,0.13333333333333333,0.7142857142857143,0.7483540130568358,1,0.07142857142857142,1.0,0.13333333333333333,0.8571428571428571,0.7601188421114359,1,0.14285714285714285,1.0,0.25,1.0,0.7601188421114359,2,0.14285714285714285,0.5,0.22222222222222224,1.0,0.7601188421114359,4,0.14285714285714285,0.5,0.22222222222222224,0.37845919215184215,4,14,2,0.05,0.5,0.5,0.5,0.09261348355822954,14,1.0,14,1.0,69.0,0.7601188421114359,123.08752456771444,1.0,2000,16,84,0.1370723795966617,440.32915472984314,5.242013746783847,real3d,zombihop_mz0,6,3,,0.21428571428571427
method,0.14285714285714285,1.0,0.25,0.5714285714285714,0.755816880859272,2,0.14285714285714285,1.0,0.25,0.9285714285714286,0.755816880859272,2,0.14285714285714285,1.0,0.25,0.9285714285714286,0.755816880859272,2,0.2857142857142857,0.8,0.4210526315789473,1.0,0.7575424221315541,5,0.2857142857142857,0.8,0.4210526315789473,0.3346117629471164,5,14,4,0.05,0.7142857142857143,0.7142857142857143,0.7142857142857143,0.07585812082795969,14,1.0,14,11.0,171.0,0.7575424221315541,110.97945027720395,0.999,2000,16,84,0.13346511104280587,570.157253742218,6.787586354074024,real3d,zombihop_mz0,5,3,,0.35714285714285715
method,0.0,0.0,0.0,0.07407407407407407,0.8769035059122329,1,0.0,0.0,0.0,0.14814814814814814,0.8769035059122329,2,0.07407407407407407,0.4,0.125,0.4074074074074074,0.8805387711018535,5,0.1111111111111111,0.2727272727272727,0.15789473684210525,0.6296296296296297,0.8853520267262611,11,0.1111111111111111,0.2727272727272727,0.15789473684210525,0.33473175885573503,11,27,3,0.05,0.25925925925925924,0.25925925925925924,0.25925925925925924,0.13869887385040586,27,0.6296296296296297,17,194.0,1165.0,0.8853520267262611,61.396862602257364,0.962,2000,16,84,0.13163752897298628,173.67426443099976,2.067550767035711,real4d,zombihop_mz0,0,4,,0.14814814814814814
method,0.14285714285714285,1.0,0.25,0.6428571428571429,0.7213055783218755,2,0.14285714285714285,1.0,0.25,0.9285714285714286,0.7384748912521271,2,0.14285714285714285,1.0,0.25,1.0,0.7384748912521271,2,0.21428571428571427,0.75,0.3333333333333333,1.0,0.7621847557875774,4,0.21428571428571427,0.75,0.3333333333333333,0.3733712425838001,4,14,3,0.05,0.6428571428571429,0.6428571428571429,0.6428571428571429,0.07768497563683664,14,1.0,14,13.0,117.0,0.7621847557875774,114.546117633546,0.999,2000,16,84,0.13433635231092897,412.04600524902344,4.905309586297898,real3d,zombihop_mz0,8,3,,0.21428571428571427
method,0.14285714285714285,1.0,0.25,0.5714285714285714,0.7640985958588173,2,0.21428571428571427,0.75,0.3333333333333333,0.7857142857142857,0.7640985958588173,4,0.21428571428571427,0.75,0.3333333333333333,0.8571428571428571,0.7640985958588173,4,0.35714285714285715,0.8333333333333334,0.5,0.9285714285714286,0.7640985958588173,6,0.35714285714285715,0.8333333333333334,0.5,0.3059637648686494,6,14,5,0.05,0.5714285714285714,0.5714285714285714,0.5714285714285714,0.09837880488437516,14,0.9285714285714286,13,12.0,228.0,0.7640985958588173,111.18312789455742,1.0,2000,16,84,0.13636441443561234,526.0752136707306,6.262800162746792,real3d,zombihop_mz0,9,3,,0.35714285714285715
method,0.0,0.0,0.0,0.1111111111111111,0.8808485783007776,0,0.037037037037037035,0.5,0.06896551724137931,0.2222222222222222,0.8808485783007776,2,0.07407407407407407,0.5,0.12903225806451613,0.37037037037037035,0.8808485783007776,4,0.2222222222222222,0.5454545454545454,0.3157894736842105,0.5185185185185185,0.8808485783007776,11,0.2222222222222222,0.5454545454545454,0.3157894736842105,0.34354362930097165,11,27,6,0.05,0.25925925925925924,0.25925925925925924,0.25925925925925924,0.15152133025088588,27,0.5185185185185185,14,74.0,1700.0,0.8808485783007776,57.72682171108747,0.97,2000,16,84,0.1302527128514552,423.2001428604126,5.038096938814435,real4d,zombihop_mz0,1,4,,0.18518518518518517
method,0.0,0.0,0.0,0.14814814814814814,0.8748110174253078,1,0.0,0.0,0.0,0.3333333333333333,0.8748110174253078,2,0.0,0.0,0.0,0.48148148148148145,0.8748110174253078,7,0.07407407407407407,0.14285714285714285,0.0975609756097561,0.7037037037037037,0.8748110174253078,14,0.07407407407407407,0.14285714285714285,0.0975609756097561,0.2895573782289709,14,27,2,0.05,0.18518518518518517,0.18518518518518517,0.18518518518518517,0.14403618958148495,27,0.7037037037037037,19,11.0,796.0,0.8748110174253078,64.9503413495859,0.972,2000,16,84,0.13215155564058578,681.8269653320312,8.116987682524181,real4d,zombihop_mz0,2,4,,0.14814814814814814
method,0.037037037037037035,1.0,0.07142857142857142,0.14814814814814814,0.876328542516019,1,0.07407407407407407,0.6666666666666666,0.13333333333333333,0.14814814814814814,0.8768527684080454,3,0.07407407407407407,0.3333333333333333,0.12121212121212122,0.4444444444444444,0.8768527684080454,6,0.14814814814814814,0.36363636363636365,0.21052631578947367,0.7407407407407407,0.8768527684080454,11,0.14814814814814814,0.36363636363636365,0.21052631578947367,0.33344799559671995,11,27,4,0.05,0.37037037037037035,0.37037037037037035,0.37037037037037035,0.12346147828120463,27,0.7407407407407407,20,9.0,1302.0,0.8768527684080454,74.44137667906219,0.969,2000,16,84,0.1323528559647626,512.4910681247711,6.101084144342513,real4d,zombihop_mz0,5,4,,0.2962962962962963
method,0.037037037037037035,1.0,0.07142857142857142,0.1111111111111111,0.8698172206463941,1,0.037037037037037035,0.5,0.06896551724137931,0.14814814814814814,0.8698172206463941,2,0.1111111111111111,0.5,0.1818181818181818,0.3333333333333333,0.8863181020478832,6,0.2222222222222222,0.42857142857142855,0.29268292682926833,0.5925925925925926,0.8863181020478832,14,0.2222222222222222,0.42857142857142855,0.29268292682926833,0.29410904714583386,14,27,6,0.05,0.3333333333333333,0.3333333333333333,0.3333333333333333,0.12740373725521262,27,0.5925925925925926,16,15.0,1385.0,0.8863181020478832,67.92435514003208,0.969,2000,16,84,0.13017594171964544,742.4325985908508,8.838483316557747,real4d,zombihop_mz0,3,4,,0.2222222222222222
method,0.14285714285714285,1.0,0.25,0.5714285714285714,0.7595040115806672,2,0.35714285714285715,1.0,0.5263157894736842,0.7142857142857143,0.7662108316263636,5,0.35714285714285715,0.5,0.41666666666666663,0.8571428571428571,0.7662108316263636,10,0.5714285714285714,0.47058823529411764,0.5161290322580646,1.0,0.7662108316263636,17,0.5714285714285714,0.47058823529411764,0.5161290322580646,0.14186173388125264,17,14,8,0.05,0.6428571428571429,0.6428571428571429,0.6428571428571429,0.08478932718289736,14,1.0,14,2.0,138.0,0.7662108316263636,123.9635766917521,1.0,2000,16,84,0.13331339381774068,1593.11221909523,18.965621655895596,real3d,zombihop_mz0,7,3,,0.7857142857142857
method,0.0,0.0,0.0,0.1111111111111111,0.860870749371682,1,0.0,0.0,0.0,0.37037037037037035,0.860870749371682,2,0.07407407407407407,0.2857142857142857,0.11764705882352941,0.5555555555555556,0.877880212667037,7,0.1111111111111111,0.2,0.14285714285714285,0.5925925925925926,0.8813853036274534,15,0.1111111111111111,0.2,0.14285714285714285,0.2835652009097413,15,27,3,0.05,0.18518518518518517,0.18518518518518517,0.18518518518518517,0.13284117177425578,27,0.5925925925925926,16,2.0,842.0,0.8813853036274534,63.80521597995083,0.9705,2000,16,84,0.1320039509131769,260.5668377876282,3.1019861641384305,real4d,zombihop_mz0,6,4,,0.14814814814814814
method,0.0,0.0,0.0,0.07407407407407407,0.8636035011007687,1,0.0,0.0,0.0,0.14814814814814814,0.8639540483781092,1,0.037037037037037035,0.3333333333333333,0.06666666666666667,0.3333333333333333,0.867512125588219,3,0.1111111111111111,0.2727272727272727,0.15789473684210525,0.5925925925925926,0.8850874730914253,11,0.1111111111111111,0.2727272727272727,0.15789473684210525,0.3287608925991929,11,27,3,0.05,0.2962962962962963,0.2962962962962963,0.2962962962962963,0.12675990638559215,27,0.5925925925925926,16,107.0,1536.0,0.8850874730914253,60.75496652001951,0.9775,2000,16,84,0.13025178412200467,713.2689340114594,8.491296833469754,real4d,zombihop_mz0,4,4,,0.14814814814814814
method,0.0,0.0,0.0,0.07407407407407407,0.872483545709941,0,0.0,0.0,0.0,0.2222222222222222,0.872483545709941,2,0.07407407407407407,0.4,0.125,0.25925925925925924,0.872483545709941,5,0.1111111111111111,0.23076923076923078,0.15,0.6296296296296297,0.8885154682257845,13,0.1111111111111111,0.23076923076923078,0.15,0.3106752599069753,13,27,3,0.05,0.1111111111111111,0.1111111111111111,0.1111111111111111,0.12783287087671488,27,0.6296296296296297,17,137.0,1374.0,0.8885154682257845,66.74956964244866,0.9765,2000,16,84,0.12873279284338124,181.39113068580627,2.159418222450075,real4d,zombihop_mz0,7,4,,0.1111111111111111
method,0.037037037037037035,0.5,0.06896551724137931,0.14814814814814814,0.8836939665162082,2,0.07407407407407407,0.6666666666666666,0.13333333333333333,0.2962962962962963,0.8836939665162082,3,0.14814814814814814,0.6666666666666666,0.24242424242424243,0.4074074074074074,0.8836939665162082,6,0.2222222222222222,0.375,0.27906976744186046,0.4444444444444444,0.8836939665162082,16,0.2222222222222222,0.375,0.27906976744186046,0.26734699349864816,16,27,6,0.05,0.25925925925925924,0.25925925925925924,0.25925925925925924,0.14367776665141804,27,0.4444444444444444,12,54.0,inf,0.8836939665162082,69.3834933199069,0.97,2000,16,84,0.13225974401733673,193.96137690544128,2.3090640107790628,real4d,zombihop_mz0,8,4,,0.25925925925925924
method,0.0,0.0,0.0,0.07407407407407407,0.8578138441813945,1,0.037037037037037035,0.3333333333333333,0.06666666666666667,0.1111111111111111,0.870849203356116,3,0.07407407407407407,0.2857142857142857,0.11764705882352941,0.37037037037037035,0.8810818020625704,7,0.14814814814814814,0.3076923076923077,0.2,0.5185185185185185,0.8810818020625704,13,0.14814814814814814,0.3076923076923077,0.2,0.31568272078411996,13,27,4,0.05,0.2962962962962963,0.2962962962962963,0.2962962962962963,0.13814411039232144,27,0.5185185185185185,14,217.0,1787.0,0.8810818020625704,70.26342896526891,0.9755,2000,16,84,0.13225096340546977,277.56327271461487,3.3043246751739863,real4d,zombihop_mz0,9,4,,0.18518518518518517
posthoc,0.42857142857142855,0.42857142857142855,0.42857142857142855,0.7857142857142857,0.7529994417079717,14,0.5,0.5,0.5,0.9285714285714286,0.7547539991567556,14,0.7142857142857143,0.7142857142857143,0.7142857142857143,1.0,0.7547539991567556,14,0.6428571428571429,0.6428571428571429,0.6428571428571429,1.0,0.7547539991567556,14,0.6428571428571429,0.6428571428571429,0.6428571428571429,0.09092205625634878,14,14,9,0.05,0.6428571428571429,0.6428571428571429,0.6428571428571429,0.09092205625634878,14,1.0,14,6.0,109.0,0.7547539991567556,1000.7394012256464,1.0,2000,16,84,0.12542633486005692,0.7690722942352295,0.009155622550419398,real3d,random,10,3,,
posthoc,0.6428571428571429,0.6428571428571429,0.6428571428571429,0.7857142857142857,0.768143805374354,14,0.5714285714285714,0.5714285714285714,0.5714285714285714,0.9285714285714286,0.768143805374354,14,0.5714285714285714,0.5714285714285714,0.5714285714285714,1.0,0.768143805374354,14,0.5,0.5,0.5,1.0,0.768143805374354,14,0.5,0.5,0.5,0.07476705130254649,14,14,7,0.05,0.5,0.5,0.5,0.07476705130254649,14,1.0,14,2.0,56.0,0.768143805374354,994.6297894163506,1.0,2000,16,84,0.12561545991577733,0.8266570568084717,0.009841155438196091,real3d,random,11,3,,
posthoc,0.35714285714285715,0.35714285714285715,0.35714285714285715,0.6428571428571429,0.7065649693291016,14,0.42857142857142855,0.42857142857142855,0.42857142857142855,0.9285714285714286,0.7649280572564562,14,0.6428571428571429,0.6428571428571429,0.6428571428571429,1.0,0.765214629131263,14,0.6428571428571429,0.6428571428571429,0.6428571428571429,1.0,0.7682840438334044,14,0.6428571428571429,0.6428571428571429,0.6428571428571429,0.08824673001891434,14,14,9,0.05,0.6428571428571429,0.6428571428571429,0.6428571428571429,0.08824673001891434,14,1.0,14,1.0,140.0,0.7682840438334044,1012.3665232375038,1.0,2000,16,84,0.12848031085619235,0.8165884017944336,0.00972129049755278,real3d,random,12,3,,
posthoc,0.42857142857142855,0.42857142857142855,0.42857142857142855,0.7857142857142857,0.756740285751387,14,0.2857142857142857,0.2857142857142857,0.2857142857142857,0.9285714285714286,0.756740285751387,14,0.5,0.5,0.5,1.0,0.756740285751387,14,0.7142857142857143,0.7142857142857143,0.7142857142857143,1.0,0.7627889024764646,14,0.7142857142857143,0.7142857142857143,0.7142857142857143,0.07041449584772262,14,14,10,0.05,0.7142857142857143,0.7142857142857143,0.7142857142857143,0.07041449584772262,14,1.0,14,32.0,140.0,0.7627889024764646,1002.6362767935314,1.0,2000,16,84,0.12566135641854,0.8067164421081543,0.009603767167954217,real3d,random,15,3,,
posthoc,0.5714285714285714,0.5714285714285714,0.5714285714285714,0.7857142857142857,0.7547716438348622,14,0.5,0.5,0.5,0.8571428571428571,0.7547716438348622,14,0.42857142857142855,0.42857142857142855,0.42857142857142855,1.0,0.7637790911719066,14,0.6428571428571429,0.6428571428571429,0.6428571428571429,1.0,0.7637790911719066,14,0.6428571428571429,0.6428571428571429,0.6428571428571429,0.06313347996527416,14,14,9,0.05,0.6428571428571429,0.6428571428571429,0.6428571428571429,0.06313347996527416,14,1.0,14,2.0,80.0,0.7637790911719066,1001.8123143779524,1.0,2000,16,84,0.12723635215061746,0.8660917282104492,0.010310615812029158,real3d,random,13,3,,
posthoc,0.5714285714285714,0.5714285714285714,0.5714285714285714,0.5714285714285714,0.7532799306929656,14,0.7142857142857143,0.7142857142857143,0.7142857142857143,0.7857142857142857,0.7550479837414243,14,0.5714285714285714,0.5714285714285714,0.5714285714285714,1.0,0.7659875779092642,14,0.6428571428571429,0.6428571428571429,0.6428571428571429,1.0,0.7659875779092642,14,0.6428571428571429,0.6428571428571429,0.6428571428571429,0.08874204259026186,14,14,9,0.05,0.6428571428571429,0.6428571428571429,0.6428571428571429,0.08874204259026186,14,1.0,14,2.0,121.0,0.7659875779092642,1004.9804178820469,1.0,2000,16,84,0.12530468750913706,0.8014585971832275,0.009541173775990805,real3d,random,14,3,,
posthoc,0.42857142857142855,0.42857142857142855,0.42857142857142855,0.6428571428571429,0.7406292464530198,14,0.5714285714285714,0.5714285714285714,0.5714285714285714,0.9285714285714286,0.7406292464530198,14,0.35714285714285715,0.35714285714285715,0.35714285714285715,1.0,0.7444552766898305,14,0.5714285714285714,0.5714285714285714,0.5714285714285714,1.0,0.7652951600070852,14,0.5714285714285714,0.5714285714285714,0.5714285714285714,0.0939267996561893,14,14,8,0.05,0.5714285714285714,0.5714285714285714,0.5714285714285714,0.0939267996561893,14,1.0,14,21.0,138.0,0.7652951600070852,993.4248997237884,1.0,2000,16,84,0.12346807632977394,0.7986581325531006,0.009507834911346436,real3d,random,16,3,,
posthoc,0.5714285714285714,0.5714285714285714,0.5714285714285714,0.7142857142857143,0.7524262002893791,14,0.5,0.5,0.5,0.7857142857142857,0.7550068136415045,14,0.6428571428571429,0.6428571428571429,0.6428571428571429,0.9285714285714286,0.7591471708220802,14,0.6428571428571429,0.6428571428571429,0.6428571428571429,1.0,0.7663699284903409,14,0.6428571428571429,0.6428571428571429,0.6428571428571429,0.07673089893295593,14,14,9,0.05,0.6428571428571429,0.6428571428571429,0.6428571428571429,0.07673089893295593,14,1.0,14,2.0,176.0,0.7663699284903409,1034.9324289852307,1.0,2000,16,84,0.12585992853739697,0.8516478538513184,0.010138664926801409,real3d,random,17,3,,
posthoc,0.2857142857142857,0.2857142857142857,0.2857142857142857,0.8571428571428571,0.7383701996174795,14,0.5714285714285714,0.5714285714285714,0.5714285714285714,0.9285714285714286,0.7383701996174795,14,0.5714285714285714,0.5714285714285714,0.5714285714285714,0.9285714285714286,0.7483284451827854,14,0.5714285714285714,0.5714285714285714,0.5714285714285714,1.0,0.7494948802288819,14,0.5714285714285714,0.5714285714285714,0.5714285714285714,0.09236712954655199,14,14,8,0.05,0.5714285714285714,0.5714285714285714,0.5714285714285714,0.09236712954655199,14,1.0,14,0.0,94.0,0.7494948802288819,980.5109459266598,1.0,2000,16,84,0.12791791692407162,0.8344278335571289,0.009933664685203916,real3d,random,18,3,,
posthoc,0.6428571428571429,0.6428571428571429,0.6428571428571429,0.7142857142857143,0.7334079207794217,14,0.7142857142857143,0.7142857142857143,0.7142857142857143,0.8571428571428571,0.7608150391974974,14,0.6428571428571429,0.6428571428571429,0.6428571428571429,1.0,0.7608150391974974,14,0.6428571428571429,0.6428571428571429,0.6428571428571429,1.0,0.7608150391974974,14,0.6428571428571429,0.6428571428571429,0.6428571428571429,0.09175723885050444,14,14,9,0.05,0.6428571428571429,0.6428571428571429,0.6428571428571429,0.09175723885050444,14,1.0,14,0.0,80.0,0.7608150391974974,1014.8209677413638,1.0,2000,16,84,0.12351284389658677,0.8847312927246094,0.010532515389578683,real3d,random,19,3,,
posthoc,0.21428571428571427,0.21428571428571427,0.21428571428571427,0.42857142857142855,0.7367791803402838,14,0.35714285714285715,0.35714285714285715,0.35714285714285715,0.42857142857142855,0.7511465401286538,14,0.5,0.5,0.5,0.5,0.7630714630779407,14,0.5714285714285714,0.5714285714285714,0.5714285714285714,0.5714285714285714,0.7674662111928684,14,0.5714285714285714,0.5714285714285714,0.5714285714285714,0.13373703002767318,14,14,8,0.05,0.5714285714285714,0.5714285714285714,0.5714285714285714,0.13373703002767318,14,0.5714285714285714,8,126.0,958.0,0.7674662111928684,382.4590645911712,0.998,2000,16,84,0.11613894703568985,208.09286427497864,2.477296003273555,real3d,gp_ts,10,3,,
posthoc,0.7142857142857143,0.7142857142857143,0.7142857142857143,0.5714285714285714,0.7257420577634344,14,0.5714285714285714,0.5714285714285714,0.5714285714285714,0.6428571428571429,0.760822069805239,14,0.5714285714285714,0.5714285714285714,0.5714285714285714,0.7142857142857143,0.7652034955615457,14,0.42857142857142855,0.42857142857142855,0.42857142857142855,0.7142857142857143,0.7653567635222229,14,0.42857142857142855,0.42857142857142855,0.42857142857142855,0.14318318720711445,14,14,6,0.05,0.42857142857142855,0.42857142857142855,0.42857142857142855,0.14318318720711445,14,0.7142857142857143,10,8.0,170.0,0.7653567635222229,393.2679422012737,0.997,2000,16,84,0.11136389960378665,208.30532503128052,2.4798252979914346,real3d,gp_ts,11,3,,
posthoc,0.6428571428571429,0.6428571428571429,0.6428571428571429,0.5714285714285714,0.7580865023240172,14,0.6428571428571429,0.6428571428571429,0.6428571428571429,0.5714285714285714,0.762083486876417,14,0.7142857142857143,0.7142857142857143,0.7142857142857143,0.7142857142857143,0.7651039852964443,14,0.6428571428571429,0.6428571428571429,0.6428571428571429,0.6428571428571429,0.7666315070995853,14,0.6428571428571429,0.6428571428571429,0.6428571428571429,0.11507777144383247,14,14,9,0.05,0.6428571428571429,0.6428571428571429,0.6428571428571429,0.11507777144383247,14,0.6428571428571429,9,101.0,633.0,0.7666315070995853,428.8588488133909,0.998,2000,16,84,0.11393690440343691,204.28830814361572,2.4320036683763777,real3d,gp_ts,12,3,,
posthoc,0.42857142857142855,0.42857142857142855,0.42857142857142855,0.42857142857142855,0.7604730635583704,14,0.42857142857142855,0.42857142857142855,0.42857142857142855,0.5,0.7604730635583704,14,0.42857142857142855,0.42857142857142855,0.42857142857142855,0.5714285714285714,0.7616890244183603,14,0.5714285714285714,0.5714285714285714,0.5714285714285714,0.7142857142857143,0.7669566659091918,14,0.5714285714285714,0.5714285714285714,0.5714285714285714,0.15866560922404518,14,14,8,0.05,0.5714285714285714,0.5714285714285714,0.5714285714285714,0.15866560922404518,14,0.7142857142857143,10,4.0,662.0,0.7669566659091918,342.35358856478035,0.9935,2000,16,84,0.12074653569349462,209.06118369102478,2.4888236153693426,real3d,gp_ts,13,3,,
posthoc,0.5714285714285714,0.5714285714285714,0.5714285714285714,0.42857142857142855,0.7632172898240995,14,0.7142857142857143,0.7142857142857143,0.7142857142857143,0.6428571428571429,0.7679928614864315,14,0.6428571428571429,0.6428571428571429,0.6428571428571429,0.6428571428571429,0.7679928614864315,14,0.5714285714285714,0.5714285714285714,0.5714285714285714,0.7142857142857143,0.7679928614864315,14,0.5714285714285714,0.5714285714285714,0.5714285714285714,0.14828980698038188,14,14,8,0.05,0.5714285714285714,0.5714285714285714,0.5714285714285714,0.14828980698038188,14,0.7142857142857143,10,34.0,302.0,0.7679928614864315,327.23805419375117,0.9975,2000,16,84,0.11695706891781266,203.75902891159058,2.4257027251379832,real3d,gp_ts,14,3,,
posthoc,0.14285714285714285,0.14285714285714285,0.14285714285714285,0.5,0.7510636202842285,14,0.35714285714285715,0.35714285714285715,0.35714285714285715,0.5,0.7510636202842285,14,0.2857142857142857,0.2857142857142857,0.2857142857142857,0.42857142857142855,0.7622346558057528,14,0.35714285714285715,0.35714285714285715,0.35714285714285715,0.6428571428571429,0.766282686850629,14,0.35714285714285715,0.35714285714285715,0.35714285714285715,0.14462934995445717,14,14,5,0.05,0.35714285714285715,0.35714285714285715,0.35714285714285715,0.14462934995445717,14,0.6428571428571429,9,54.0,1930.0,0.766282686850629,452.8499604489195,0.999,2000,16,84,0.11340372348447114,195.51742148399353,2.327588350999923,real3d,gp_ts,15,3,,
posthoc,0.35714285714285715,0.35714285714285715,0.35714285714285715,0.5714285714285714,0.7477943746602407,14,0.5,0.5,0.5,0.5714285714285714,0.7664063266061962,14,0.5714285714285714,0.5714285714285714,0.5714285714285714,0.5714285714285714,0.7664063266061962,14,0.5,0.5,0.5,0.5714285714285714,0.7664063266061962,14,0.5,0.5,0.5,0.1650854148423433,14,14,7,0.05,0.5,0.5,0.5,0.1650854148423433,14,0.5714285714285714,8,21.0,460.0,0.7664063266061962,296.8666174823992,0.9985,2000,16,84,0.12139162974699448,191.5479657649994,2.280332925773802,real3d,gp_ts,16,3,,
posthoc,0.2857142857142857,0.2857142857142857,0.2857142857142857,0.5,0.7370521248321696,14,0.35714285714285715,0.35714285714285715,0.35714285714285715,0.5,0.7538465018571058,14,0.42857142857142855,0.42857142857142855,0.42857142857142855,0.5714285714285714,0.766076235660317,14,0.5,0.5,0.5,0.6428571428571429,0.7673699214232528,14,0.5,0.5,0.5,0.14312139411346725,14,14,7,0.05,0.5,0.5,0.5,0.14312139411346725,14,0.6428571428571429,9,29.0,827.0,0.7673699214232528,318.9911366763729,0.995,2000,16,84,0.11869961238333049,210.0831606388092,2.5009900076048717,real3d,gp_ts,17,3,,
posthoc,0.42857142857142855,0.42857142857142855,0.42857142857142855,0.5,0.7379841454134831,14,0.35714285714285715,0.35714285714285715,0.35714285714285715,0.5714285714285714,0.7379841454134831,14,0.21428571428571427,0.21428571428571427,0.21428571428571427,0.7142857142857143,0.7462229240589363,14,0.5714285714285714,0.5714285714285714,0.5714285714285714,0.7857142857142857,0.7684227860037988,14,0.5714285714285714,0.5714285714285714,0.5714285714285714,0.11281542767496193,14,14,8,0.05,0.5714285714285714,0.5714285714285714,0.5714285714285714,0.11281542767496193,14,0.7857142857142857,11,52.0,411.0,0.7684227860037988,451.25635778085876,0.9995,2000,16,84,0.11978871430870755,204.9757149219513,2.440187082404182,real3d,gp_ts,18,3,,
posthoc,0.5714285714285714,0.5714285714285714,0.5714285714285714,0.5714285714285714,0.7355860810582129,14,0.42857142857142855,0.42857142857142855,0.42857142857142855,0.5714285714285714,0.767297450543067,14,0.42857142857142855,0.42857142857142855,0.42857142857142855,0.5714285714285714,0.7676521349287047,14,0.35714285714285715,0.35714285714285715,0.35714285714285715,0.6428571428571429,0.7678873888539764,14,0.35714285714285715,0.35714285714285715,0.35714285714285715,0.19393087490469887,14,14,5,0.05,0.35714285714285715,0.35714285714285715,0.35714285714285715,0.19393087490469887,14,0.6428571428571429,9,13.0,316.0,0.7678873888539764,358.3874652358544,0.9985,2000,16,84,0.11520022873049052,207.4465081691742,2.4696012877282643,real3d,gp_ts,19,3,,
method,0.0,0.0,0.0,0.5,0.7285102852688201,1,0.0,0.0,0.0,0.7857142857142857,0.7294070311712075,2,0.0,0.0,0.0,0.9285714285714286,0.7592486778056563,2,0.0,0.0,0.0,1.0,0.7592486778056563,2,0.0,0.0,0.0,0.449739640344258,2,14,0,0.05,0.5,0.5,0.5,0.07522627984461831,14,1.0,14,2.0,203.0,0.7592486778056563,128.74884013418313,1.0,2000,16,84,0.1397290657761835,286.6762504577637,3.4128125054495677,real3d,zombihop,11,3,,0.07142857142857142
method,0.0,0.0,0.0,0.5714285714285714,0.7200376988117723,1,0.07142857142857142,0.5,0.125,0.7142857142857143,0.7201113581969769,2,0.21428571428571427,0.75,0.3333333333333333,0.8571428571428571,0.7279269783807606,4,0.21428571428571427,0.75,0.3333333333333333,0.9285714285714286,0.7358288359622135,4,0.21428571428571427,0.75,0.3333333333333333,0.37054815934173957,4,14,3,0.05,0.5,0.5,0.5,0.11857224514725788,14,0.9285714285714286,13,1.0,199.0,0.7358288359622135,109.04085785891306,0.9995,2000,16,84,0.13596945278983336,310.90115332603455,3.701204206262316,real3d,zombihop,12,3,,0.21428571428571427
method,0.07142857142857142,1.0,0.13333333333333333,0.7142857142857143,0.719861611821209,1,0.07142857142857142,1.0,0.13333333333333333,0.7857142857142857,0.7367132541627455,1,0.07142857142857142,1.0,0.13333333333333333,0.9285714285714286,0.7549693423052924,1,0.07142857142857142,1.0,0.13333333333333333,1.0,0.7571809384043738,1,0.07142857142857142,1.0,0.13333333333333333,0.4649837943244241,1,14,1,0.05,0.35714285714285715,0.35714285714285715,0.35714285714285715,0.11322700115414104,14,1.0,14,2.0,99.0,0.7571809384043738,105.91988181527385,0.999,2000,16,84,0.1326514994502724,384.6664159297943,4.579362094402313,real3d,zombihop,13,3,,0.07142857142857142
method,0.07142857142857142,1.0,0.13333333333333333,0.6428571428571429,0.7437165134455235,1,0.07142857142857142,0.5,0.125,0.7857142857142857,0.7437165134455235,2,0.21428571428571427,0.6,0.3157894736842105,1.0,0.7475353747102912,5,0.42857142857142855,0.6666666666666666,0.5217391304347826,1.0,0.7611577871975164,9,0.42857142857142855,0.6666666666666666,0.5217391304347826,0.21419967383094712,9,14,6,0.05,0.6428571428571429,0.6428571428571429,0.6428571428571429,0.07453293282448169,14,1.0,14,6.0,142.0,0.7611577871975164,104.6787659617192,0.9995,2000,16,84,0.13363604526349052,513.3767879009247,6.1116284273919605,real3d,zombihop,10,3,,0.5
method,0.0,0.0,0.0,0.7142857142857143,0.7333019757770483,1,0.0,0.0,0.0,0.7857142857142857,0.7522763912141079,1,0.0,0.0,0.0,0.9285714285714286,0.7522763912141079,1,0.0,0.0,0.0,0.9285714285714286,0.7522763912141079,1,0.0,0.0,0.0,0.46885255283903965,1,14,0,0.05,0.2857142857142857,0.2857142857142857,0.2857142857142857,0.11723051714496545,14,0.9285714285714286,13,0.0,178.0,0.7522763912141079,115.0154406427824,1.0,2000,16,84,0.1380100336713452,361.04596853256226,4.298166292054312,real3d,zombihop,18,3,,0.0
method,0.07142857142857142,1.0,0.13333333333333333,0.5714285714285714,0.7406292464530198,1,0.14285714285714285,1.0,0.25,0.6428571428571429,0.7406292464530198,2,0.14285714285714285,1.0,0.25,0.8571428571428571,0.7406292464530198,2,0.14285714285714285,0.6666666666666666,0.23529411764705882,0.8571428571428571,0.7497952749061054,3,0.14285714285714285,0.6666666666666666,0.23529411764705882,0.4042901113088477,3,14,2,0.05,0.35714285714285715,0.35714285714285715,0.35714285714285715,0.1270599559868363,14,0.8571428571428571,12,21.0,247.0,0.7497952749061054,102.24116776133246,0.9985,2000,16,84,0.13261704703623173,536.6283326148987,6.388432531129746,real3d,zombihop,16,3,,0.14285714285714285
posthoc,0.037037037037037035,0.037037037037037035,0.037037037037037035,0.037037037037037035,0.8641312011003208,27,0.1111111111111111,0.1111111111111111,0.1111111111111111,0.14814814814814814,0.8641312011003208,27,0.1111111111111111,0.1111111111111111,0.1111111111111111,0.25925925925925924,0.8641312011003208,27,0.18518518518518517,0.18518518518518517,0.18518518518518517,0.3333333333333333,0.8641312011003208,27,0.18518518518518517,0.18518518518518517,0.18518518518518517,0.113465532349866,27,27,5,0.05,0.18518518518518517,0.18518518518518517,0.18518518518518517,0.113465532349866,27,0.3333333333333333,9,24.0,inf,0.8641312011003208,995.7531235481244,0.987,2000,16,84,0.12847288192440176,0.9158473014831543,0.010902944065275647,real4d,random,10,4,,
posthoc,0.07407407407407407,0.07407407407407407,0.07407407407407407,0.18518518518518517,0.8789553198357664,27,0.1111111111111111,0.1111111111111111,0.1111111111111111,0.2222222222222222,0.8789553198357664,27,0.18518518518518517,0.18518518518518517,0.18518518518518517,0.3333333333333333,0.8789553198357664,27,0.25925925925925924,0.25925925925925924,0.25925925925925924,0.5185185185185185,0.8789553198357664,27,0.25925925925925924,0.25925925925925924,0.25925925925925924,0.11626044207838995,27,27,7,0.05,0.25925925925925924,0.25925925925925924,0.25925925925925924,0.11626044207838995,27,0.5185185185185185,14,5.0,1466.0,0.8789553198357664,987.841380206396,0.986,2000,16,84,0.12872833242983212,0.9301767349243164,0.011073532558622815,real4d,random,11,4,,
method,0.0,0.0,0.0,0.5714285714285714,0.7437819799367904,1,0.07142857142857142,0.5,0.125,0.8571428571428571,0.7437819799367904,2,0.2857142857142857,0.6666666666666666,0.4,0.8571428571428571,0.7601592053464624,6,0.35714285714285715,0.45454545454545453,0.4,0.8571428571428571,0.7668177961630722,11,0.35714285714285715,0.45454545454545453,0.4,0.19325046550495703,11,14,5,0.05,0.5,0.5,0.5,0.14635575583788293,14,0.8571428571428571,12,2.0,132.0,0.7668177961630722,111.10125293016014,0.999,2000,16,84,0.13736223206869316,868.9972088336945,10.34520486706779,real3d,zombihop,14,3,,0.5
posthoc,0.2962962962962963,0.2962962962962963,0.2962962962962963,0.1111111111111111,0.8734965897940152,27,0.2962962962962963,0.2962962962962963,0.2962962962962963,0.2222222222222222,0.8818981680162052,27,0.18518518518518517,0.18518518518518517,0.18518518518518517,0.2962962962962963,0.8818981680162052,27,0.2962962962962963,0.2962962962962963,0.2962962962962963,0.5555555555555556,0.8818981680162052,27,0.2962962962962963,0.2962962962962963,0.2962962962962963,0.12240699262532227,27,27,8,0.05,0.2962962962962963,0.2962962962962963,0.2962962962962963,0.12240699262532227,27,0.5555555555555556,15,8.0,1702.0,0.8818981680162052,995.4742444988441,0.9885,2000,16,84,0.12732254211269012,1.1951234340667725,0.01422765992936634,real4d,random,12,4,,
posthoc,0.1111111111111111,0.1111111111111111,0.1111111111111111,0.037037037037037035,0.878342613409314,27,0.14814814814814814,0.14814814814814814,0.14814814814814814,0.1111111111111111,0.878342613409314,27,0.2222222222222222,0.2222222222222222,0.2222222222222222,0.25925925925925924,0.8817855210345544,27,0.4074074074074074,0.4074074074074074,0.4074074074074074,0.5555555555555556,0.8817855210345544,27,0.4074074074074074,0.4074074074074074,0.4074074074074074,0.11525435542974373,27,27,11,0.05,0.4074074074074074,0.4074074074074074,0.4074074074074074,0.11525435542974373,27,0.5555555555555556,15,148.0,1768.0,0.8817855210345544,994.6385972261235,0.988,2000,16,84,0.12913846276284946,0.9196932315826416,0.0109487289474124,real4d,random,13,4,,
method,0.07142857142857142,1.0,0.13333333333333333,0.5714285714285714,0.7559821765110764,1,0.14285714285714285,1.0,0.25,0.7142857142857143,0.7559821765110764,2,0.14285714285714285,0.6666666666666666,0.23529411764705882,1.0,0.7559821765110764,3,0.14285714285714285,0.6666666666666666,0.23529411764705882,1.0,0.7559821765110764,3,0.14285714285714285,0.6666666666666666,0.23529411764705882,0.40093958195653795,3,14,2,0.05,0.21428571428571427,0.21428571428571427,0.21428571428571427,0.11352333308621783,14,1.0,14,2.0,169.0,0.7559821765110764,109.64719570577677,1.0,2000,16,84,0.13426084010675354,507.03006076812744,6.036072152001517,real3d,zombihop,17,3,,0.07142857142857142
posthoc,0.14814814814814814,0.14814814814814814,0.14814814814814814,0.1111111111111111,0.8678585749758521,27,0.25925925925925924,0.25925925925925924,0.25925925925925924,0.25925925925925924,0.8678585749758521,27,0.2962962962962963,0.2962962962962963,0.2962962962962963,0.37037037037037035,0.8678585749758521,27,0.4074074074074074,0.4074074074074074,0.4074074074074074,0.6666666666666666,0.8867586709515622,27,0.4074074074074074,0.4074074074074074,0.4074074074074074,0.1427362331045607,27,27,11,0.05,0.4074074074074074,0.4074074074074074,0.4074074074074074,0.1427362331045607,27,0.6666666666666666,18,3.0,1589.0,0.8867586709515622,995.5246286513542,0.9925,2000,16,84,0.13112907807697674,1.0069127082824707,0.011987056050981795,real4d,random,15,4,,
posthoc,0.0,0.0,0.0,0.1111111111111111,0.8600757419120623,27,0.037037037037037035,0.037037037037037035,0.037037037037037035,0.18518518518518517,0.87783191854183,27,0.07407407407407407,0.07407407407407407,0.07407407407407407,0.2962962962962963,0.87783191854183,27,0.3333333333333333,0.3333333333333333,0.3333333333333333,0.6296296296296297,0.87783191854183,27,0.3333333333333333,0.3333333333333333,0.3333333333333333,0.13426071161176786,27,27,9,0.05,0.3333333333333333,0.3333333333333333,0.3333333333333333,0.13426071161176786,27,0.6296296296296297,17,79.0,1313.0,0.87783191854183,970.8465452373378,0.982,2000,16,84,0.1249939076889439,0.9123847484588623,0.010861723195938837,real4d,random,16,4,,
posthoc,0.25925925925925924,0.25925925925925924,0.25925925925925924,0.2962962962962963,0.871563811344954,27,0.2962962962962963,0.2962962962962963,0.2962962962962963,0.48148148148148145,0.871563811344954,27,0.3333333333333333,0.3333333333333333,0.3333333333333333,0.5925925925925926,0.8731790568511363,27,0.5185185185185185,0.5185185185185185,0.5185185185185185,0.7407407407407407,0.8868112209448353,27,0.5185185185185185,0.5185185185185185,0.5185185185185185,0.10643604295109046,27,27,14,0.05,0.5185185185185185,0.5185185185185185,0.5185185185185185,0.10643604295109046,27,0.7407407407407407,20,5.0,442.0,0.8868112209448353,984.2293301809516,0.9905,2000,16,84,0.12841579390222166,0.8431191444396973,0.010037132671901159,real4d,random,14,4,,
posthoc,0.07407407407407407,0.07407407407407407,0.07407407407407407,0.07407407407407407,0.8818807945202057,27,0.1111111111111111,0.1111111111111111,0.1111111111111111,0.07407407407407407,0.8818807945202057,27,0.25925925925925924,0.25925925925925924,0.25925925925925924,0.25925925925925924,0.8818807945202057,27,0.4444444444444444,0.4444444444444444,0.4444444444444444,0.5185185185185185,0.8818807945202057,27,0.4444444444444444,0.4444444444444444,0.4444444444444444,0.09495266839499701,27,27,12,0.05,0.4444444444444444,0.4444444444444444,0.4444444444444444,0.09495266839499701,27,0.48148148148148145,14,71.0,1871.0,0.8818807945202057,992.7920062671137,0.982,2000,16,84,0.12380209951003228,0.9058265686035156,0.01078364962623233,real4d,random,17,4,,
posthoc,0.2962962962962963,0.2962962962962963,0.2962962962962963,0.18518518518518517,0.8808208431529359,27,0.37037037037037035,0.37037037037037035,0.37037037037037035,0.37037037037037035,0.8808208431529359,27,0.37037037037037035,0.37037037037037035,0.37037037037037035,0.4444444444444444,0.8808208431529359,27,0.3333333333333333,0.3333333333333333,0.3333333333333333,0.5555555555555556,0.883766431315728,27,0.3333333333333333,0.3333333333333333,0.3333333333333333,0.10338835236694434,27,27,9,0.05,0.3333333333333333,0.3333333333333333,0.3333333333333333,0.10338835236694434,27,0.5555555555555556,15,16.0,1321.0,0.883766431315728,983.1970690048632,0.986,2000,16,84,0.13026357771638064,1.1519455909729004,0.013713637987772623,real4d,random,18,4,,
posthoc,0.25925925925925924,0.25925925925925924,0.25925925925925924,0.2222222222222222,0.8621306513663266,27,0.18518518518518517,0.18518518518518517,0.18518518518518517,0.2962962962962963,0.8621306513663266,27,0.2962962962962963,0.2962962962962963,0.2962962962962963,0.4074074074074074,0.8627210966343658,27,0.37037037037037035,0.37037037037037035,0.37037037037037035,0.6296296296296297,0.8797239979688865,27,0.37037037037037035,0.37037037037037035,0.37037037037037035,0.12033177366933731,27,27,10,0.05,0.37037037037037035,0.37037037037037035,0.37037037037037035,0.12033177366933731,27,0.6296296296296297,17,10.0,1512.0,0.8797239979688865,973.6392743035495,0.9915,2000,16,84,0.12686545599302892,0.8858747482299805,0.010546127955118815,real4d,random,19,4,,
method,0.0,0.0,0.0,0.5,0.7350577758214654,1,0.07142857142857142,0.5,0.125,0.5714285714285714,0.736869675363901,2,0.07142857142857142,0.5,0.125,0.9285714285714286,0.7433422684910194,2,0.2857142857142857,0.5,0.36363636363636365,0.9285714285714286,0.7569616345082372,8,0.2857142857142857,0.5,0.36363636363636365,0.24444197884745986,8,14,4,0.05,0.6428571428571429,0.6428571428571429,0.6428571428571429,0.05801216099131134,14,0.9285714285714286,13,32.0,133.0,0.7569616345082372,111.05769221025776,1.0,2000,16,84,0.13622253382872568,749.2144055366516,8.919219113531566,real3d,zombihop,15,3,,0.42857142857142855
posthoc,0.1111111111111111,0.1111111111111111,0.1111111111111111,0.037037037037037035,0.8641312011003208,27,0.25925925925925924,0.25925925925925924,0.25925925925925924,0.14814814814814814,0.8641312011003208,27,0.3333333333333333,0.3333333333333333,0.3333333333333333,0.3333333333333333,0.8679515299728934,27,0.25925925925925924,0.25925925925925924,0.25925925925925924,0.4444444444444444,0.8711605568179653,27,0.25925925925925924,0.25925925925925924,0.25925925925925924,0.17463757029032578,27,27,7,0.05,0.25925925925925924,0.25925925925925924,0.25925925925925924,0.17463757029032578,27,0.4444444444444444,12,24.0,inf,0.8711605568179653,707.8900875946658,0.974,2000,16,84,0.12417530559293657,252.02119088172913,3.000252272401537,real4d,gp_ts,10,4,,
method,0.07142857142857142,1.0,0.13333333333333333,0.8571428571428571,0.7316377773306452,1,0.07142857142857142,0.5,0.125,0.8571428571428571,0.7316377773306452,2,0.14285714285714285,0.6666666666666666,0.23529411764705882,0.8571428571428571,0.7316377773306452,3,0.14285714285714285,0.6666666666666666,0.23529411764705882,0.8571428571428571,0.7321632046505375,3,0.14285714285714285,0.6666666666666666,0.23529411764705882,0.40251425810459074,3,14,2,0.05,0.5,0.5,0.5,0.11547265504438266,14,0.8571428571428571,12,0.0,91.0,0.7321632046505375,110.39326224911906,0.9995,2000,16,84,0.13521731227652767,349.1000380516052,4.155952833947682,real3d,zombihop,19,3,,0.07142857142857142
posthoc,0.07407407407407407,0.07407407407407407,0.07407407407407407,0.07407407407407407,0.8734965897940152,27,0.1111111111111111,0.1111111111111111,0.1111111111111111,0.18518518518518517,0.8734965897940152,27,0.2962962962962963,0.2962962962962963,0.2962962962962963,0.3333333333333333,0.8734965897940152,27,0.25925925925925924,0.25925925925925924,0.25925925925925924,0.4444444444444444,0.8734965897940152,27,0.25925925925925924,0.25925925925925924,0.25925925925925924,0.13500268581663824,27,27,7,0.05,0.25925925925925924,0.25925925925925924,0.25925925925925924,0.13500268581663824,27,0.4444444444444444,12,8.0,inf,0.8734965897940152,756.3040833518586,0.9735,2000,16,84,0.12505448753930745,246.04582452774048,2.929116958663577,real4d,gp_ts,12,4,,
posthoc,0.07407407407407407,0.07407407407407407,0.07407407407407407,0.2222222222222222,0.8657382341390608,27,0.2222222222222222,0.2222222222222222,0.2222222222222222,0.3333333333333333,0.8657382341390608,27,0.2222222222222222,0.2222222222222222,0.2222222222222222,0.5185185185185185,0.8750346142673058,27,0.2962962962962963,0.2962962962962963,0.2962962962962963,0.6666666666666666,0.8760140978234752,27,0.2962962962962963,0.2962962962962963,0.2962962962962963,0.11526716905996344,27,27,8,0.05,0.2962962962962963,0.2962962962962963,0.2962962962962963,0.11526716905996344,27,0.6666666666666666,18,5.0,666.0,0.8760140978234752,594.3753378226073,0.973,2000,16,84,0.12635020387637527,270.131982088089,3.215856929620107,real4d,gp_ts,11,4,,
posthoc,0.14814814814814814,0.14814814814814814,0.14814814814814814,0.0,0.8400438717628669,27,0.14814814814814814,0.14814814814814814,0.14814814814814814,0.037037037037037035,0.8521678223880316,27,0.18518518518518517,0.18518518518518517,0.18518518518518517,0.2222222222222222,0.8521678223880316,27,0.25925925925925924,0.25925925925925924,0.25925925925925924,0.3333333333333333,0.8564685265083568,27,0.25925925925925924,0.25925925925925924,0.25925925925925924,0.16384601348863498,27,27,7,0.05,0.25925925925925924,0.25925925925925924,0.25925925925925924,0.16384601348863498,27,0.3333333333333333,9,366.0,inf,0.8564685265083568,778.4189259883719,0.9615,2000,16,84,0.12340450669336685,266.32889795303345,3.1705821184884933,real4d,gp_ts,13,4,,
posthoc,0.2222222222222222,0.2222222222222222,0.2222222222222222,0.07407407407407407,0.8677946510127308,27,0.2962962962962963,0.2962962962962963,0.2962962962962963,0.18518518518518517,0.8677946510127308,27,0.25925925925925924,0.25925925925925924,0.25925925925925924,0.3333333333333333,0.8677946510127308,27,0.2222222222222222,0.2222222222222222,0.2222222222222222,0.5555555555555556,0.8753054481764938,27,0.2222222222222222,0.2222222222222222,0.2222222222222222,0.11466307658071909,27,27,6,0.05,0.2222222222222222,0.2222222222222222,0.2222222222222222,0.11466307658071909,27,0.5555555555555556,15,3.0,1291.0,0.8753054481764938,688.1903397798544,0.9755,2000,16,84,0.12899966590548395,272.1289930343628,3.2396308694567,real4d,gp_ts,15,4,,
posthoc,0.037037037037037035,0.037037037037037035,0.037037037037037035,0.1111111111111111,0.8587033450596864,27,0.07407407407407407,0.07407407407407407,0.07407407407407407,0.14814814814814814,0.8721805639599938,27,0.037037037037037035,0.037037037037037035,0.037037037037037035,0.18518518518518517,0.8721805639599938,27,0.18518518518518517,0.18518518518518517,0.18518518518518517,0.2962962962962963,0.8721805639599938,27,0.18518518518518517,0.18518518518518517,0.18518518518518517,0.1588039284154023,27,27,5,0.05,0.18518518518518517,0.18518518518518517,0.18518518518518517,0.1588039284154023,27,0.2962962962962963,8,99.0,inf,0.8721805639599938,748.1346809082185,0.9695,2000,16,84,0.11912909374510082,279.53239941596985,3.3277666597139266,real4d,gp_ts,16,4,,
posthoc,0.1111111111111111,0.1111111111111111,0.1111111111111111,0.07407407407407407,0.871563811344954,27,0.14814814814814814,0.14814814814814814,0.14814814814814814,0.18518518518518517,0.871563811344954,27,0.18518518518518517,0.18518518518518517,0.18518518518518517,0.3333333333333333,0.871563811344954,27,0.2962962962962963,0.2962962962962963,0.2962962962962963,0.5185185185185185,0.8796006057388731,27,0.2962962962962963,0.2962962962962963,0.2962962962962963,0.14105953804213764,27,27,8,0.05,0.2962962962962963,0.2962962962962963,0.2962962962962963,0.14105953804213764,27,0.5185185185185185,14,5.0,1354.0,0.8796006057388731,763.2802666236771,0.972,2000,16,84,0.12417309564969699,289.0199348926544,3.4407135106268383,real4d,gp_ts,14,4,,
posthoc,0.07407407407407407,0.07407407407407407,0.07407407407407407,0.1111111111111111,0.8510317753522495,27,0.18518518518518517,0.18518518518518517,0.18518518518518517,0.18518518518518517,0.8599552646873495,27,0.2222222222222222,0.2222222222222222,0.2222222222222222,0.3333333333333333,0.872819156967753,27,0.25925925925925924,0.25925925925925924,0.25925925925925924,0.4444444444444444,0.872819156967753,27,0.25925925925925924,0.25925925925925924,0.25925925925925924,0.11479788606138029,27,27,7,0.05,0.25925925925925924,0.25925925925925924,0.25925925925925924,0.11479788606138029,27,0.4444444444444444,12,104.0,inf,0.872819156967753,749.871264542574,0.9655,2000,16,84,0.11816592413970953,271.9316487312317,3.237281532514663,real4d,gp_ts,17,4,,
posthoc,0.07407407407407407,0.07407407407407407,0.07407407407407407,0.07407407407407407,0.8518279803675424,27,0.14814814814814814,0.14814814814814814,0.14814814814814814,0.14814814814814814,0.8518279803675424,27,0.18518518518518517,0.18518518518518517,0.18518518518518517,0.2222222222222222,0.8629601250176243,27,0.2962962962962963,0.2962962962962963,0.2962962962962963,0.4444444444444444,0.8777701398285729,27,0.2962962962962963,0.2962962962962963,0.2962962962962963,0.12989659643468063,27,27,8,0.05,0.2962962962962963,0.2962962962962963,0.2962962962962963,0.12989659643468063,27,0.4444444444444444,12,16.0,inf,0.8777701398285729,706.2740417341433,0.9595,2000,16,84,0.12540266427913577,290.95401263237,3.4637382456234524,real4d,gp_ts,18,4,,
posthoc,0.1111111111111111,0.1111111111111111,0.1111111111111111,0.07407407407407407,0.8582474752765037,27,0.14814814814814814,0.14814814814814814,0.14814814814814814,0.14814814814814814,0.8582474752765037,27,0.25925925925925924,0.25925925925925924,0.25925925925925924,0.2962962962962963,0.8582474752765037,27,0.2222222222222222,0.2222222222222222,0.2222222222222222,0.4074074074074074,0.8790156066502116,27,0.2222222222222222,0.2222222222222222,0.2222222222222222,0.18330301073238836,27,27,6,0.05,0.2222222222222222,0.2222222222222222,0.2222222222222222,0.18330301073238836,27,0.4074074074074074,11,10.0,inf,0.8790156066502116,697.5926650835518,0.961,2000,16,84,0.12412691718743106,261.4403214454651,3.1123847791126797,real4d,gp_ts,19,4,,
method,0.0,0.0,0.0,0.1111111111111111,0.8734965897940152,1,0.0,0.0,0.0,0.2222222222222222,0.8734965897940152,2,0.0,0.0,0.0,0.37037037037037035,0.8778366347730993,4,0.18518518518518517,0.45454545454545453,0.2631578947368421,0.4444444444444444,0.8778366347730993,11,0.18518518518518517,0.45454545454545453,0.2631578947368421,0.3350982227630072,11,27,5,0.05,0.2962962962962963,0.2962962962962963,0.2962962962962963,0.13251957437681952,27,0.4444444444444444,12,8.0,inf,0.8778366347730993,61.70028041700756,0.9735,2000,16,84,0.1309297132772753,330.7562747001648,3.9375746988114857,real4d,zombihop,12,4,,0.18518518518518517
method,0.037037037037037035,1.0,0.07142857142857142,0.14814814814814814,0.8773147232122396,1,0.037037037037037035,0.5,0.06896551724137931,0.25925925925925924,0.8787271480582336,2,0.037037037037037035,0.2,0.0625,0.3333333333333333,0.8845938742384845,5,0.07407407407407407,0.2,0.10810810810810811,0.5555555555555556,0.8845938742384845,10,0.07407407407407407,0.2,0.10810810810810811,0.3468249943695635,10,27,2,0.05,0.3333333333333333,0.3333333333333333,0.3333333333333333,0.13515547161438213,27,0.5555555555555556,15,5.0,1702.0,0.8845938742384845,53.930776126701005,0.9725,2000,16,84,0.13156105403250795,566.6820487976074,6.746214866638184,real4d,zombihop,11,4,,0.14814814814814814
method,0.0,0.0,0.0,0.14814814814814814,0.8756437864452894,0,0.07407407407407407,1.0,0.13793103448275862,0.2222222222222222,0.8756437864452894,2,0.1111111111111111,0.6,0.18750000000000003,0.4074074074074074,0.8756437864452894,5,0.18518518518518517,0.5,0.2702702702702703,0.7037037037037037,0.8756437864452894,10,0.18518518518518517,0.5,0.2702702702702703,0.3427760144585882,10,27,5,0.05,0.25925925925925924,0.25925925925925924,0.25925925925925924,0.12275899711732276,27,0.7037037037037037,19,24.0,1300.0,0.8756437864452894,66.63819300564207,0.974,2000,16,84,0.1283815768647896,598.1614830493927,7.120970036302294,real4d,zombihop,10,4,,0.1111111111111111
method,0.037037037037037035,1.0,0.07142857142857142,0.037037037037037035,0.8480530541464559,1,0.037037037037037035,0.5,0.06896551724137931,0.1111111111111111,0.8761203627605011,2,0.037037037037037035,0.2,0.0625,0.25925925925925924,0.8761203627605011,5,0.1111111111111111,0.25,0.15384615384615383,0.4444444444444444,0.8769602560546347,12,0.1111111111111111,0.25,0.15384615384615383,0.32549451569048055,12,27,3,0.05,0.2222222222222222,0.2222222222222222,0.2222222222222222,0.12648562612822284,27,0.4444444444444444,12,64.0,inf,0.8769602560546347,63.47812928627448,0.977,2000,16,84,0.1311646450253462,629.2189953327179,7.490702325389499,real4d,zombihop,13,4,,0.037037037037037035
method,0.0,0.0,0.0,0.1111111111111111,0.8724579596212176,1,0.0,0.0,0.0,0.14814814814814814,0.8748361630799353,2,0.07407407407407407,0.4,0.125,0.3333333333333333,0.8871279286706096,5,0.14814814814814814,0.36363636363636365,0.21052631578947367,0.5185185185185185,0.8871279286706096,11,0.14814814814814814,0.36363636363636365,0.21052631578947367,0.32845705626498833,11,27,4,0.05,0.37037037037037035,0.37037037037037035,0.37037037037037035,0.12100225763890864,27,0.5185185185185185,14,5.0,1531.0,0.8871279286706096,70.2015056230579,0.9755,2000,16,84,0.12890057916270692,646.7611672878265,7.699537705807459,real4d,zombihop,14,4,,0.18518518518518517
method,0.0,0.0,0.0,0.1111111111111111,0.8714520617015431,1,0.0,0.0,0.0,0.18518518518518517,0.8714520617015431,1,0.1111111111111111,0.75,0.19354838709677416,0.3333333333333333,0.8741084340913875,4,0.25925925925925924,0.7777777777777778,0.3888888888888889,0.5925925925925926,0.888325378148886,9,0.25925925925925924,0.7777777777777778,0.3888888888888889,0.35168029045501714,9,27,7,0.05,0.2962962962962963,0.2962962962962963,0.2962962962962963,0.13406845029533646,27,0.5925925925925926,16,3.0,1212.0,0.888325378148886,57.78076724752334,0.972,2000,16,84,0.1300730241831966,701.369161605835,8.34963287625994,real4d,zombihop,15,4,,0.18518518518518517
method,0.037037037037037035,1.0,0.07142857142857142,0.1111111111111111,0.8818077010401921,1,0.037037037037037035,1.0,0.07142857142857142,0.2222222222222222,0.8818077010401921,1,0.037037037037037035,0.25,0.06451612903225806,0.2962962962962963,0.8818077010401921,4,0.14814814814814814,0.4444444444444444,0.2222222222222222,0.48148148148148145,0.8818077010401921,9,0.14814814814814814,0.4444444444444444,0.2222222222222222,0.35329287698922973,9,27,4,0.05,0.2962962962962963,0.2962962962962963,0.2962962962962963,0.12235859974376702,27,0.48148148148148145,13,65.0,1925.0,0.8818077010401921,52.376588782924856,0.977,2000,16,84,0.1316651807976763,529.7687125205994,6.306770387149992,real4d,zombihop,16,4,,0.2222222222222222
method,0.0,0.0,0.0,0.18518518518518517,0.8725029161538826,0,0.0,0.0,0.0,0.4074074074074074,0.8725029161538826,1,0.0,0.0,0.0,0.5185185185185185,0.8839431906703711,4,0.1111111111111111,0.3333333333333333,0.16666666666666666,0.6296296296296297,0.8839431906703711,9,0.1111111111111111,0.3333333333333333,0.16666666666666666,0.36162600404628575,9,27,3,0.05,0.2962962962962963,0.2962962962962963,0.2962962962962963,0.13390919614682403,27,0.6296296296296297,17,85.0,576.0,0.8839431906703711,58.67049417823699,0.9735,2000,16,84,0.1291925170442132,752.1835477352142,8.954566044466835,real4d,zombihop,17,4,,0.14814814814814814
method,0.0,0.0,0.0,0.14814814814814814,0.8727817008719618,1,0.0,0.0,0.0,0.2222222222222222,0.8727817008719618,2,0.037037037037037035,0.2,0.0625,0.4444444444444444,0.8792598920181086,5,0.18518518518518517,0.45454545454545453,0.2631578947368421,0.7037037037037037,0.881352776743884,11,0.18518518518518517,0.45454545454545453,0.2631578947368421,0.3322345318830606,11,27,5,0.05,0.4074074074074074,0.4074074074074074,0.4074074074074074,0.11272099547312754,27,0.7037037037037037,19,16.0,1251.0,0.881352776743884,62.24534238408857,0.973,2000,16,84,0.13048402414738292,725.8343920707703,8.640885619890122,real4d,zombihop,18,4,,0.2962962962962963
method,0.037037037037037035,1.0,0.07142857142857142,0.2222222222222222,0.8697482788169236,1,0.037037037037037035,0.5,0.06896551724137931,0.2222222222222222,0.8700532789543401,2,0.07407407407407407,0.3333333333333333,0.12121212121212122,0.3333333333333333,0.8700532789543401,6,0.07407407407407407,0.18181818181818182,0.10526315789473684,0.4444444444444444,0.8830823845909467,11,0.07407407407407407,0.18181818181818182,0.10526315789473684,0.3334093373807819,11,27,2,0.05,0.1111111111111111,0.1111111111111111,0.1111111111111111,0.14232881138280642,27,0.4444444444444444,12,10.0,inf,0.8830823845909467,70.07592333529462,0.971,2000,16,84,0.12799686654959685,876.1016063690186,10.429781028202601,real4d,zombihop,19,4,,0.07407407407407407
